,Component ID,Reference Designator,Part Name,Not mount on PCB,Symbol Name
0,,reference,partName,noMount,SymbolName
1,sht4.cmp4808,B0225,1267361536,YES,r_sym_1.smb
2,sht3.cmp340,B3000,1267362148,YES,r_sym_1.smb
3,sht3.cmp343,B3001,1267362122,NO,r_sym_1.smb
4,sht3.cmp345,B3002,1267362122,NO,r_sym_1.smb
5,sht3.cmp346,B3003,8909006786,NO,r_sym_1.smb
6,sht1.cmp1295,B3043,8905B0070701,NO,br_sym_2.smb
7,sht3.cmp173,B3160,8905B00707,NO,br_sym_2.smb
8,sht10.cmp5389/sht1.cmp2249,B5000,1267361536,YES,r_sym_1.smb
9,sht10.cmp5389/sht1.cmp3272,B5001,DUMMYB0603,NO,br_sym_2.smb
10,sht10.cmp5389/sht1.cmp1997,B5002,1267361536,YES,r_sym_1.smb
11,sht10.cmp5389/sht1.cmp2485,B5003,1267361536,NO,r_sym_1.smb
12,sht10.cmp5389/sht1.cmp3454,B5004,1267361536,NO,r_sym_1.smb
13,sht10.cmp5389/sht1.cmp2403,B5006,1267361536,YES,r_sym_1.smb
14,sht10.cmp5389/sht1.cmp3536,B5007,8909B00532,YES,br_sym_2.smb
15,sht10.cmp5389/sht1.cmp3472,B5009,1267361536,YES,r_sym_1.smb
16,sht10.cmp5389/sht1.cmp3264,B5052,1267361536,NO,r_sym_1.smb
17,sht10.cmp5389/sht2.cmp3546,B5121,1267362122,YES,r_sym_1.smb
18,sht10.cmp5389/sht2.cmp3548,B5122,1267362122,NO,r_sym_1.smb
19,sht10.cmp5389/sht2.cmp3648,B5123,1267361536,NO,r_sym_1.smb
20,sht10.cmp5389/sht2.cmp3360,B5124,1267361536,YES,r_sym_1.smb
21,sht10.cmp5389/sht2.cmp3531,B5152,1267361536,YES,r_sym_1.smb
22,sht10.cmp5389/sht1.cmp3268,B5153,1267361536,NO,r_sym_1.smb
23,sht10.cmp5389/sht1.cmp3270,B5154,1267361536,YES,r_sym_1.smb
24,sht10.cmp5389/sht2.cmp3651,B5156,1267361536,YES,r_sym_1.smb
25,sht10.cmp5389/sht1.cmp3337,B5157,1267361536,YES,r_sym_1.smb
26,sht1.cmp2062,C0001,1267370564,NO,c_sym_1.smb
27,sht1.cmp2066,C0002,1267370564,NO,c_sym_1.smb
28,sht1.cmp2048,C0003,1267370564,NO,c_sym_1.smb
29,sht1.cmp2052,C0004,1267370564,NO,c_sym_1.smb
30,sht1.cmp2055,C0005,1267370564,NO,c_sym_1.smb
31,sht1.cmp2057,C0006,1267370564,NO,c_sym_1.smb
32,sht1.cmp2068,C0009,1267370564,NO,c_sym_1.smb
33,sht5.cmp2693,C0101,1267370010,YES,c_sym_1.smb
34,sht5.cmp2701,C0102,1267370010,YES,c_sym_1.smb
35,sht4.cmp4255,C0103,1267370010,YES,c_sym_1.smb
36,sht4.cmp4928,C0104,1267370010,YES,c_sym_1.smb
37,sht4.cmp4906,C0105,1267370010,YES,c_sym_1.smb
38,sht4.cmp4907,C0106,1267370010,YES,c_sym_1.smb
39,sht4.cmp4771,C0108,1267370010,YES,c_sym_1.smb
40,sht4.cmp4758,C0109,1267370010,YES,c_sym_1.smb
41,sht4.cmp4930,C0111,1267370010,YES,c_sym_1.smb
42,sht4.cmp4932,C0112,1267370010,YES,c_sym_1.smb
43,sht9.cmp628,C0113,1267370900,NO,c_sym_1.smb
44,sht2.cmp627,C0114,1267370010,NO,c_sym_1.smb
45,sht4.cmp3556,C0117,1267370010,YES,c_sym_1.smb
46,sht4.cmp3549,C0118,1267370010,YES,c_sym_1.smb
47,sht2.cmp376,C0119,1267370010,NO,c_sym_1.smb
48,sht2.cmp351,C0120,1267370010,NO,c_sym_1.smb
49,sht2.cmp352,C0121,1267370010,NO,c_sym_1.smb
50,sht2.cmp349,C0122,1267370010,NO,c_sym_1.smb
51,sht2.cmp350,C0123,1267370010,NO,c_sym_1.smb
52,sht2.cmp370,C0124,1267370010,NO,c_sym_1.smb
53,sht9.cmp474,C0125,1267370010,NO,c_sym_1.smb
54,sht8.cmp9,C0126,1267370902,NO,c_sym_1.smb
55,sht8.cmp437,C0127,1267370902,NO,c_sym_1.smb
56,sht8.cmp464,C0128,1267370902,NO,c_sym_1.smb
57,sht8.cmp492,C0129,1267370902,NO,c_sym_1.smb
58,sht8.cmp496,C0130,1267370902,NO,c_sym_1.smb
59,sht2.cmp371,C0137,1267370010,NO,c_sym_1.smb
60,sht8.cmp524,C0138,1267370902,NO,c_sym_1.smb
61,sht6.cmp2355,C0140,1267370010,NO,c_sym_1.smb
62,sht18.cmp50,C0142,8909004939,NO,c_sym_1.smb
63,sht1.cmp1500,C0143,1267370900,NO,c_sym_1.smb
64,sht1.cmp1505,C0144,1267370900,NO,c_sym_1.smb
65,sht1.cmp1504,C0145,1267370900,NO,c_sym_1.smb
66,sht6.cmp2714,C0146,1267370010,NO,c_sym_1.smb
67,sht1.cmp1370,C0147,1267370010,NO,c_sym_1.smb
68,sht1.cmp2011,C0148A,1267370900,NO,c_sym_1.smb
69,sht1.cmp2012,C0148B,1267370900,NO,c_sym_1.smb
70,sht16.cmp3355,C0149,1267370010,NO,c_sym_1.smb
71,sht14.cmp3418,C0150,1267370010,NO,c_sym_1.smb
72,sht14.cmp3517,C0151,1267370010,NO,c_sym_1.smb
73,sht12.cmp14,C0152,1267370010,NO,c_sym_1.smb
74,sht3.cmp6,C0153,1267370010,NO,c_sym_1.smb
75,sht1.cmp1815,C0154A,1267370900,NO,c_sym_1.smb
76,sht1.cmp1818,C0154B,1267370900,NO,c_sym_1.smb
77,sht12.cmp165,C0201,1267370010,NO,c_sym_1.smb
78,sht12.cmp139,C0202,1267370010,NO,c_sym_1.smb
79,sht2.cmp638,C0203,1267370010,NO,c_sym_1.smb
80,sht12.cmp70,C0204,1267370010,NO,c_sym_1.smb
81,sht16.cmp3174,C0205,1267370010,NO,c_sym_1.smb
82,sht16.cmp3133,C0206,1267370010,NO,c_sym_1.smb
83,sht17.cmp8360,C0208,1267370010,NO,c_sym_1.smb
84,sht15.cmp2283,C0209,1267370010,NO,c_sym_1.smb
85,sht15.cmp2281,C0210,1267370010,NO,c_sym_1.smb
86,sht11.cmp3500,C0211,1267370010,NO,c_sym_1.smb
87,sht11.cmp3503,C0212,1267370010,NO,c_sym_1.smb
88,sht2.cmp629,C0213,1267370010,NO,c_sym_1.smb
89,sht2.cmp631,C0216,1267370010,NO,c_sym_1.smb
90,sht6.cmp2366,C0218,1267370010,NO,c_sym_1.smb
91,sht9.cmp329,C0219,1267370902,NO,c_sym_1.smb
92,sht2.cmp323,C0222,1267370010,NO,c_sym_1.smb
93,sht2.cmp367,C0223,1267370010,NO,c_sym_1.smb
94,sht4.cmp4839,C0225,1267370010,NO,c_sym_1.smb
95,sht4.cmp4908,C0226,1267370010,YES,c_sym_1.smb
96,sht4.cmp4909,C0227,1267370010,YES,c_sym_1.smb
97,sht5.cmp2484,C0228,1267370010,YES,c_sym_1.smb
98,sht5.cmp2475,C0229,1267370010,YES,c_sym_1.smb
99,sht2.cmp682,C0230,1267370010,NO,c_sym_1.smb
100,sht2.cmp635,C0234,1267370010,NO,c_sym_1.smb
101,sht6.cmp2377,C0240,1267370010,NO,c_sym_1.smb
102,sht9.cmp580,C0241,1267370010,NO,c_sym_1.smb
103,sht6.cmp2410,C0242,1267370010,NO,c_sym_1.smb
104,sht6.cmp2421,C0243,1267370010,NO,c_sym_1.smb
105,sht6.cmp2432,C0244,1267370010,NO,c_sym_1.smb
106,sht4.cmp4327,C0246,1267370010,YES,c_sym_1.smb
107,sht2.cmp639,C0248,1267370010,NO,c_sym_1.smb
108,sht4.cmp4354,C0252,1267370010,YES,c_sym_1.smb
109,sht9.cmp353,C0255,1267370010,NO,c_sym_1.smb
110,sht9.cmp371,C0256,1267370010,NO,c_sym_1.smb
111,sht2.cmp643,C0257,1267370010,NO,c_sym_1.smb
112,sht9.cmp434,C0258,1267370902,NO,c_sym_1.smb
113,sht8.cmp541,C0259,1267370902,NO,c_sym_1.smb
114,sht2.cmp426,C0260,1267370010,NO,c_sym_1.smb
115,sht2.cmp438,C0261,1267370010,NO,c_sym_1.smb
116,sht2.cmp464,C0263,1267370010,NO,c_sym_1.smb
117,sht2.cmp372,C0264,1267370010,NO,c_sym_1.smb
118,sht14.cmp3542,C0301,1267370010,NO,c_sym_1.smb
119,sht12.cmp94,C0302,1267370010,NO,c_sym_1.smb
120,sht11.cmp3900,C0303,1267370010,NO,c_sym_1.smb
121,sht11.cmp4035,C0304,1267370010,NO,c_sym_1.smb
122,sht15.cmp2352,C0305,1267370010,NO,c_sym_1.smb
123,sht15.cmp2355,C0306,1267370010,NO,c_sym_1.smb
124,sht2.cmp650,C0307,1267370010,NO,c_sym_1.smb
125,sht2.cmp652,C0308,1267370010,NO,c_sym_1.smb
126,sht2.cmp641,C0309,1267370010,NO,c_sym_1.smb
127,sht15.cmp2342,C0313,1267370010,NO,c_sym_1.smb
128,sht15.cmp2345,C0314,1267370010,NO,c_sym_1.smb
129,sht14.cmp3859,C0317,1267370010,NO,c_sym_1.smb
130,sht17.cmp8400,C0318,1267370010,NO,c_sym_1.smb
131,sht14.cmp3905,C0321,1267370010,NO,c_sym_1.smb
132,sht17.cmp8421,C0322,1267370010,NO,c_sym_1.smb
133,sht2.cmp662,C0323,1267370010,NO,c_sym_1.smb
134,sht9.cmp489,C0324,1267370010,NO,c_sym_1.smb
135,sht5.cmp2470,C0325,1267370010,YES,c_sym_1.smb
136,sht5.cmp2461,C0326,1267370010,YES,c_sym_1.smb
137,sht4.cmp4798,C0327,1267370577,NO,c_sym_1.smb
138,sht4.cmp4924,C0328,1267370010,YES,c_sym_1.smb
139,sht4.cmp4925,C0329,1267370010,YES,c_sym_1.smb
140,sht4.cmp4840,C0330,1267370577,YES,c_sym_1.smb
141,sht5.cmp2703,C0331,1267370010,YES,c_sym_1.smb
142,sht5.cmp2702,C0332,1267370010,YES,c_sym_1.smb
143,sht4.cmp4916,C0333,1267370010,YES,c_sym_1.smb
144,sht4.cmp4917,C0334,1267370010,YES,c_sym_1.smb
145,sht6.cmp2496,C0340,1267370010,NO,c_sym_1.smb
146,sht6.cmp2488,C0341,1267370010,NO,c_sym_1.smb
147,sht2.cmp325,C0345,1267370010,NO,c_sym_1.smb
148,sht2.cmp665,C0346,1267370010,NO,c_sym_1.smb
149,sht2.cmp451,C0348,1267370010,NO,c_sym_1.smb
150,sht9.cmp411,C0349,1267370902,NO,c_sym_1.smb
151,sht2.cmp664,C0350,1267370010,NO,c_sym_1.smb
152,sht2.cmp273,C0351,1267370010,NO,c_sym_1.smb
153,sht2.cmp678,C0352,1267370010,NO,c_sym_1.smb
154,sht2.cmp658,C0354,1267370010,NO,c_sym_1.smb
155,sht6.cmp2637,C0356,1267370010,NO,c_sym_1.smb
156,sht6.cmp2776,C0357,1267370010,NO,c_sym_1.smb
157,sht2.cmp668,C0401,1267370010,NO,c_sym_1.smb
158,sht11.cmp3468,C0402,1267370010,NO,c_sym_1.smb
159,sht15.cmp2269,C0403,1267370010,NO,c_sym_1.smb
160,sht15.cmp2270,C0404,1267370010,NO,c_sym_1.smb
161,sht2.cmp669,C0405,1267370010,NO,c_sym_1.smb
162,sht17.cmp8127,C0407,1267370010,NO,c_sym_1.smb
163,sht17.cmp8215,C0408,1267370010,NO,c_sym_1.smb
164,sht5.cmp2614,C0409,1267370010,YES,c_sym_1.smb
165,sht5.cmp2611,C0410,1267370010,YES,c_sym_1.smb
166,sht5.cmp2680,C0412,1267370010,YES,c_sym_1.smb
167,sht5.cmp2679,C0413,1267370010,YES,c_sym_1.smb
168,sht5.cmp2713,C0415,1267370010,YES,c_sym_1.smb
169,sht5.cmp2712,C0418,1267370010,YES,c_sym_1.smb
170,sht6.cmp2657,C0422,1267370010,NO,c_sym_1.smb
171,sht8.cmp612,C0424,1267370902,NO,c_sym_1.smb
172,sht8.cmp580,C0425,1267370902,NO,c_sym_1.smb
173,sht2.cmp675,C0427,1267370010,NO,c_sym_1.smb
174,sht2.cmp269,C0428,1267370010,NO,c_sym_1.smb
175,sht2.cmp476,C0430,1267370010,NO,c_sym_1.smb
176,sht2.cmp374,C0431,1267370010,NO,c_sym_1.smb
177,sht2.cmp659,C0444,1267370010,NO,c_sym_1.smb
178,sht1.cmp276,C0501,1267370010,NO,c_sym_1.smb
179,sht1.cmp1867,C0502,1267370010,NO,c_sym_1.smb
180,sht3.cmp337,C0504,1267370010,NO,c_sym_1.smb
181,sht1.cmp1816,C0506A,1267370900,NO,c_sym_1.smb
182,sht1.cmp1819,C0506B,1267370900,NO,c_sym_1.smb
183,sht15.cmp1796,C0508,1267370010,NO,c_sym_1.smb
184,sht12.cmp9,C0509,1267370010,NO,c_sym_1.smb
185,sht6.cmp2661,C0510,1267370010,NO,c_sym_1.smb
186,sht12.cmp29,C0512,1267370010,NO,c_sym_1.smb
187,sht6.cmp2642,C0513,1267370010,NO,c_sym_1.smb
188,sht4.cmp4890,C0515,1267370010,YES,c_sym_1.smb
189,sht4.cmp4891,C0516,1267370010,YES,c_sym_1.smb
190,sht8.cmp558,C0518,1267370902,NO,c_sym_1.smb
191,sht2.cmp373,C0519,1267370010,NO,c_sym_1.smb
192,sht1.cmp1515,C0522,1267370010,NO,c_sym_1.smb
193,sht12.cmp61,C0524,1267370010,NO,c_sym_1.smb
194,sht2.cmp673,C0525,1267370010,NO,c_sym_1.smb
195,sht12.cmp53,C0527,1267370010,NO,c_sym_1.smb
196,sht1.cmp1430,C0528,1267370010,NO,c_sym_1.smb
197,sht12.cmp69,C0530,1267370010,NO,c_sym_1.smb
198,sht2.cmp671,C0531,1267370010,NO,c_sym_1.smb
199,sht5.cmp2697,C0601,1267370010,YES,c_sym_1.smb
200,sht5.cmp2694,C0602,1267370010,YES,c_sym_1.smb
201,sht4.cmp4894,C0603,1267370010,YES,c_sym_1.smb
202,sht4.cmp4895,C0604,1267370010,YES,c_sym_1.smb
203,sht5.cmp2552,C0605,1267370010,YES,c_sym_1.smb
204,sht5.cmp2549,C0606,1267370010,YES,c_sym_1.smb
205,sht5.cmp2637,C0607,1267370010,YES,c_sym_1.smb
206,sht5.cmp2632,C0608,1267370010,YES,c_sym_1.smb
207,sht4.cmp4317,C0610,1267370010,YES,c_sym_1.smb
208,sht4.cmp4300,C0611,1267370010,YES,c_sym_1.smb
209,sht2.cmp738,C0613,1267370010,NO,c_sym_1.smb
210,sht5.cmp2498,C0615,1267370010,YES,c_sym_1.smb
211,sht5.cmp2494,C0616,1267370010,YES,c_sym_1.smb
212,sht2.cmp274,C0617,1267370010,NO,c_sym_1.smb
213,sht6.cmp2635,C0618,1267370010,NO,c_sym_1.smb
214,sht15.cmp2389,C0621,1267370010,NO,c_sym_1.smb
215,sht15.cmp2387,C0622,1267370010,NO,c_sym_1.smb
216,sht2.cmp737,C0624,1267370010,NO,c_sym_1.smb
217,sht9.cmp648,C1100,1267370747,NO,c_sym_1.smb
218,sht7.cmp3098,C1600,1267370682,NO,c_sym_1.smb
219,sht9.cmp333,C1800,1267370907,NO,c_sym_1.smb
220,sht2.cmp381,C1802,1267370906,YES,c_sym_1.smb
221,sht2.cmp399,C1803,1267370906,YES,c_sym_1.smb
222,sht9.cmp340,C1805,1267370007,NO,c_sym_1.smb
223,sht9.cmp364,C1810,1267370907,YES,c_sym_1.smb
224,sht2.cmp444,C1812,1267370906,YES,c_sym_1.smb
225,sht2.cmp443,C1813,1267370906,YES,c_sym_1.smb
226,sht9.cmp357,C1815,1267370007,YES,c_sym_1.smb
227,sht9.cmp394,C1820,1267370907,YES,c_sym_1.smb
228,sht2.cmp458,C1822,1267370906,NO,c_sym_1.smb
229,sht2.cmp456,C1823,1267370906,NO,c_sym_1.smb
230,sht9.cmp380,C1825,1267370007,YES,c_sym_1.smb
231,sht9.cmp421,C1830,1267370907,NO,c_sym_1.smb
232,sht2.cmp467,C1832,1267370906,NO,c_sym_1.smb
233,sht2.cmp469,C1833,1267370906,NO,c_sym_1.smb
234,sht9.cmp412,C1835,1267370007,NO,c_sym_1.smb
235,sht9.cmp452,C1840,1267370907,NO,c_sym_1.smb
236,sht9.cmp451,C1845,1267370007,NO,c_sym_1.smb
237,sht9.cmp574,C1850,1267370907,YES,c_sym_1.smb
238,sht9.cmp581,C1855,1267370007,YES,c_sym_1.smb
239,sht9.cmp602,C1860,1267370907,YES,c_sym_1.smb
240,sht9.cmp608,C1865,1267370007,YES,c_sym_1.smb
241,sht9.cmp459,C2000,1267370011,NO,c_sym_1.smb
242,sht9.cmp620,C2001,1267370011,YES,c_sym_1.smb
243,sht8.cmp12,C2200,1267370907,NO,c_sym_1.smb
244,sht8.cmp39,C2201,1267370007,NO,c_sym_1.smb
245,sht8.cmp433,C2210,1267370907,NO,c_sym_1.smb
246,sht8.cmp444,C2211,1267370007,NO,c_sym_1.smb
247,sht8.cmp468,C2220,1267370907,NO,c_sym_1.smb
248,sht8.cmp463,C2221,1267370007,NO,c_sym_1.smb
249,sht8.cmp476,C2230,1267370907,NO,c_sym_1.smb
250,sht8.cmp480,C2231,1267370007,NO,c_sym_1.smb
251,sht8.cmp495,C2240,1267370907,NO,c_sym_1.smb
252,sht8.cmp500,C2241,1267370007,NO,c_sym_1.smb
253,sht8.cmp516,C2250,1267370907,NO,c_sym_1.smb
254,sht8.cmp521,C2251,1267370007,NO,c_sym_1.smb
255,sht8.cmp536,C2260,1267370907,NO,c_sym_1.smb
256,sht8.cmp535,C2261,1267370007,NO,c_sym_1.smb
257,sht8.cmp568,C2270,1267370907,NO,c_sym_1.smb
258,sht8.cmp557,C2271,1267370007,NO,c_sym_1.smb
259,sht8.cmp590,C2280,1267370907,NO,c_sym_1.smb
260,sht8.cmp592,C2281,1267370007,NO,c_sym_1.smb
261,sht8.cmp629,C2290,1267370907,NO,c_sym_1.smb
262,sht8.cmp613,C2291,1267370007,NO,c_sym_1.smb
263,sht1.cmp1345,C3000,1267370564,NO,c_sym_1.smb
264,sht1.cmp1356,C3001,1267370844,NO,c_sym_1.smb
265,sht1.cmp1494,C3002,1267362202,NO,c_sym_1.smb
266,sht1.cmp1299,C3003,1267373304,NO,elko_sym_1.smb
267,sht1.cmp1380,C3004,1267370844,YES,c_sym_1.smb
268,sht1.cmp1383,C3005,1267370844,NO,c_sym_1.smb
269,sht1.cmp1367,C3006,1267362202,YES,c_sym_1.smb
270,sht1.cmp2035,C3009,1267373304,NO,elko_sym_1.smb
271,sht1.cmp1342,C3010,1267370564,NO,c_sym_1.smb
272,sht1.cmp1346,C3013,1267370760,NO,c_sym_1.smb
273,sht1.cmp1425,C3019,1267370906,YES,c_sym_1.smb
274,sht1.cmp1376,C3020,1267370594,NO,c_sym_1.smb
275,sht1.cmp1462,C3021,1267370682,NO,c_sym_1.smb
276,sht1.cmp1595,C3022A,1267362202,NO,c_sym_1.smb
277,sht1.cmp1589,C3022B,1267362202,NO,c_sym_1.smb
278,sht1.cmp1591,C3022C,1267362202,NO,c_sym_1.smb
279,sht1.cmp1593,C3022D,1267362202,NO,c_sym_1.smb
280,sht1.cmp1590,C3022E,1267362202,YES,c_sym_1.smb
281,sht1.cmp1402,C3023,1267370008,YES,c_sym_1.smb
282,sht1.cmp1388,C3025,1267370900,NO,c_sym_1.smb
283,sht1.cmp1416,C3026,1267370767,NO,c_sym_1.smb
284,sht1.cmp1387,C3027,1267370767,NO,c_sym_1.smb
285,sht1.cmp1411,C3028,1267370028,NO,c_sym_1.smb
286,sht1.cmp1472,C3029,1267370028,NO,c_sym_1.smb
287,sht1.cmp1466,C3030,1267371304,NO,c_sym_1.smb
288,sht1.cmp1395,C3031,1267370009,NO,c_sym_1.smb
289,sht1.cmp1401,C3032,1267370670,NO,c_sym_1.smb
290,sht1.cmp1359,C3034,1267370640,YES,c_sym_1.smb
291,sht1.cmp1366,C3041,1267370564,NO,c_sym_1.smb
292,sht1.cmp1439,C3043,1267370564,YES,c_sym_1.smb
293,sht2.cmp183,C3050,1267370011,NO,c_sym_1.smb
294,sht2.cmp249,C3051,1267371304,YES,c_sym_1.smb
295,sht2.cmp166,C3052,1267370011,YES,c_sym_1.smb
296,sht2.cmp188,C3053,1267371304,NO,c_sym_1.smb
297,sht2.cmp204,C3054,1267370011,NO,c_sym_1.smb
298,sht2.cmp229,C3055,1267371304,NO,c_sym_1.smb
299,sht2.cmp302,C3056,1267371304,NO,c_sym_1.smb
300,sht1.cmp1352,C3059,1267370682,NO,c_sym_1.smb
301,sht2.cmp233,C3071,1267370564,NO,c_sym_1.smb
302,sht2.cmp193,C3072,1267370564,NO,c_sym_1.smb
303,sht2.cmp217,C3073,1267370564,NO,c_sym_1.smb
304,sht2.cmp210,C3075,1267370747,YES,c_sym_1.smb
305,sht2.cmp181,C3076,1267370747,YES,c_sym_1.smb
306,sht2.cmp197,C3077,1267370747,YES,c_sym_1.smb
307,sht1.cmp1351,C3080,1267370564,NO,c_sym_1.smb
308,sht1.cmp1433,C3090,1267370900,NO,c_sym_1.smb
309,sht2.cmp583,C3150,1267370564,NO,c_sym_1.smb
310,sht2.cmp597,C3151,1267370607,NO,c_sym_1.smb
311,sht2.cmp611,C3152,1267370011,NO,c_sym_1.smb
312,sht2.cmp596,C3156,1267370831,NO,c_sym_1.smb
313,sht2.cmp587,C3157,1267370831,NO,c_sym_1.smb
314,sht2.cmp591,C3158,1267370831,NO,c_sym_1.smb
315,sht2.cmp619,C3159,1267370564,NO,c_sym_1.smb
316,sht3.cmp143,C3167,1267370007,YES,c_sym_1.smb
317,sht3.cmp145,C3168,1267370007,YES,c_sym_1.smb
318,sht4.cmp3565,C3170,1267370011,NO,c_sym_1.smb
319,sht4.cmp3550,C3171,1267370010,YES,c_sym_1.smb
320,sht3.cmp181,C3200,1267370564,YES,c_sym_1.smb
321,sht3.cmp182,C3202,1267370527,YES,c_sym_1.smb
322,sht1.cmp2023,C3430,1267370008,NO,c_sym_1.smb
323,sht1.cmp1612,C3591,1267362202,NO,c_sym_1.smb
324,sht1.cmp270,C3593A,1267373304,NO,elko_sym_1.smb
325,sht1.cmp90,C3593B,1267373304,NO,elko_sym_1.smb
326,sht1.cmp1615,C3594,1267362202,NO,c_sym_1.smb
327,sht1.cmp1614,C3595,1267370564,NO,c_sym_1.smb
328,sht1.cmp1613,C3600,1267362202,NO,c_sym_1.smb
329,sht4.cmp3949,C4550,1267370011,NO,c_sym_1.smb
330,sht4.cmp3956,C4552,1267370747,YES,c_sym_1.smb
331,sht4.cmp3967,C4553,1267370010,YES,c_sym_1.smb
332,sht4.cmp3988,C4554,1267370011,NO,c_sym_1.smb
333,sht4.cmp4238,C4560,1267370011,NO,c_sym_1.smb
334,sht4.cmp4242,C4562,1267370747,YES,c_sym_1.smb
335,sht4.cmp4246,C4563,1267370010,YES,c_sym_1.smb
336,sht4.cmp4262,C4564,1267370011,NO,c_sym_1.smb
337,sht4.cmp4301,C4570,1267370011,NO,c_sym_1.smb
338,sht4.cmp4316,C4572,1267370747,YES,c_sym_1.smb
339,sht4.cmp4299,C4573,1267370010,YES,c_sym_1.smb
340,sht4.cmp4278,C4574,1267370011,NO,c_sym_1.smb
341,sht4.cmp4340,C4580,1267370011,NO,c_sym_1.smb
342,sht4.cmp4337,C4582,1267370747,YES,c_sym_1.smb
343,sht4.cmp4326,C4583,1267370010,NO,c_sym_1.smb
344,sht4.cmp4357,C4584,1267370011,NO,c_sym_1.smb
345,sht4.cmp4753,C4590,1267370011,NO,c_sym_1.smb
346,sht4.cmp4760,C4592,1267370747,YES,c_sym_1.smb
347,sht4.cmp4740,C4593,1267370010,NO,c_sym_1.smb
348,sht4.cmp4749,C4594,1267370011,NO,c_sym_1.smb
349,sht4.cmp4800,C4600,1267370564,YES,c_sym_1.smb
350,sht4.cmp4784,C4601,1267370008,YES,c_sym_1.smb
351,sht4.cmp4876,C4602,1267370749,NO,c_sym_1.smb
352,sht4.cmp4791,C4605,1267370564,NO,c_sym_1.smb
353,sht4.cmp4806,C4606,1267370008,NO,c_sym_1.smb
354,sht5.cmp2465,C4610,1267370010,NO,c_sym_1.smb
355,sht5.cmp2477,C4615,1267370010,NO,c_sym_1.smb
356,sht5.cmp2497,C4620,1267370010,NO,c_sym_1.smb
357,sht5.cmp2514,C4625,1267370010,NO,c_sym_1.smb
358,sht18.cmp12,C4824,1267370527,YES,c_sym_1.smb
359,sht18.cmp31,C4825,1267370640,YES,c_sym_1.smb
360,sht10.cmp5389/sht1.cmp2444,C5000,1267370029,NO,c_sym_1.smb
361,sht10.cmp5389/sht1.cmp2297,C5001,1267370029,NO,c_sym_1.smb
362,sht10.cmp5389/sht1.cmp2465,C5002,1267370011,NO,c_sym_1.smb
363,sht10.cmp5389/sht1.cmp2600,C5003,1267370640,YES,c_sym_1.smb
364,sht10.cmp5389/sht1.cmp2475,C5004,1267370650,YES,c_sym_1.smb
365,sht10.cmp5389/sht1.cmp2530,C5005,1267370650,YES,c_sym_1.smb
366,sht10.cmp5389/sht1.cmp2848,C5006,1267370011,NO,c_sym_2.smb
367,sht10.cmp5389/sht1.cmp2850,C5007,1267370029,NO,c_sym_2.smb
368,sht10.cmp5389/sht1.cmp2849,C5008,1267370011,NO,c_sym_2.smb
369,sht10.cmp5389/sht1.cmp3457,C5009,1267370028,NO,c_sym_1.smb
370,sht10.cmp5389/sht1.cmp2402,C5010,1267370029,YES,c_sym_1.smb
371,sht10.cmp5389/sht1.cmp2461,C5011,1267370011,NO,c_sym_1.smb
372,sht10.cmp5389/sht1.cmp2383,C5012,1267370011,NO,c_sym_1.smb
373,sht10.cmp5389/sht1.cmp2258,C5013,1267370011,NO,c_sym_1.smb
374,sht10.cmp5389/sht1.cmp2091,C5014,1267370011,NO,c_sym_1.smb
375,sht10.cmp5389/sht1.cmp2304,C5015,1267370011,NO,c_sym_1.smb
376,sht10.cmp5389/sht1.cmp2021,C5016,1267370011,NO,c_sym_1.smb
377,sht10.cmp5389/sht1.cmp2235,C5017,1267370011,NO,c_sym_1.smb
378,sht10.cmp5389/sht1.cmp2593,C5018,1267370011,NO,c_sym_1.smb
379,sht10.cmp5389/sht1.cmp2164,C5019,1267370011,NO,c_sym_1.smb
380,sht10.cmp5389/sht1.cmp2526,C5020,1267370011,NO,c_sym_1.smb
381,sht10.cmp5389/sht1.cmp2453,C5021,1267370011,NO,c_sym_1.smb
382,sht10.cmp5389/sht1.cmp2292,C5022,1267370011,NO,c_sym_1.smb
383,sht10.cmp5389/sht1.cmp2369,C5023,1267370011,NO,c_sym_1.smb
384,sht10.cmp5389/sht1.cmp2226,C5024,1267370011,NO,c_sym_1.smb
385,sht10.cmp5389/sht1.cmp2148,C5025,1267370011,NO,c_sym_1.smb
386,sht10.cmp5389/sht1.cmp2078,C5026,1267370011,NO,c_sym_1.smb
387,sht10.cmp5389/sht1.cmp2010,C5027,1267370011,NO,c_sym_1.smb
388,sht10.cmp5389/sht1.cmp3320,C5028,1267370028,NO,c_sym_1.smb
389,sht10.cmp5389/sht1.cmp2580,C5029,1267370011,NO,c_sym_1.smb
390,sht10.cmp5389/sht1.cmp2502,C5030,1267370011,NO,c_sym_1.smb
391,sht10.cmp5389/sht1.cmp2437,C5031,1267370011,NO,c_sym_1.smb
392,sht10.cmp5389/sht1.cmp2030,C5032,1267370011,YES,c_sym_1.smb
393,sht10.cmp5389/sht2.cmp3408,C5033,1267370011,NO,c_sym_1.smb
394,sht10.cmp5389/sht2.cmp3424,C5034,1267370011,NO,c_sym_1.smb
395,sht10.cmp5389/sht2.cmp3387,C5035,1267370011,NO,c_sym_1.smb
396,sht10.cmp5389/sht2.cmp3438,C5036,1267370011,NO,c_sym_1.smb
397,sht10.cmp5389/sht2.cmp3452,C5037,1267370011,NO,c_sym_1.smb
398,sht10.cmp5389/sht2.cmp3403,C5038,1267370011,NO,c_sym_1.smb
399,sht10.cmp5389/sht2.cmp3391,C5039,1267370011,NO,c_sym_1.smb
400,sht10.cmp5389/sht2.cmp3388,C5040,1267370011,NO,c_sym_1.smb
401,sht10.cmp5389/sht2.cmp3453,C5041,1267370011,NO,c_sym_1.smb
402,sht10.cmp5389/sht2.cmp3428,C5042,1267370011,YES,c_sym_1.smb
403,sht10.cmp5389/sht2.cmp3393,C5043,1267370011,NO,c_sym_1.smb
404,sht10.cmp5389/sht2.cmp3412,C5044,1267370011,NO,c_sym_1.smb
405,sht10.cmp5389/sht2.cmp3392,C5045,1267370011,NO,c_sym_1.smb
406,sht10.cmp5389/sht2.cmp3419,C5046,1267370011,NO,c_sym_1.smb
407,sht10.cmp5389/sht2.cmp3543,C5047,1267370011,YES,c_sym_1.smb
408,sht10.cmp5389/sht1.cmp2318,C5048,1267370029,NO,c_sym_1.smb
409,sht10.cmp5389/sht1.cmp3247,C5080,1267370011,YES,c_sym_1.smb
410,sht10.cmp5389/sht1.cmp3461,C5081,1267370011,YES,c_sym_1.smb
411,sht10.cmp5389/sht1.cmp3253,C5083,1267370011,NO,c_sym_1.smb
412,sht10.cmp5389/sht1.cmp3255,C5084,1267370011,NO,c_sym_1.smb
413,sht10.cmp5389/sht1.cmp3380,C5090,1267370011,YES,c_sym_1.smb
414,sht10.cmp5389/sht1.cmp3383,C5091,1267370011,YES,c_sym_1.smb
415,sht10.cmp5389/sht1.cmp3385,C5092,1267370011,YES,c_sym_1.smb
416,sht10.cmp5389/sht2.cmp3308,C5120,1267370011,NO,c_sym_1.smb
417,sht10.cmp5389/sht2.cmp3588,C5121,1267362202,YES,c_sym_1.smb
418,sht10.cmp5389/sht2.cmp3551,C5122,1267362202,NO,c_sym_1.smb
419,sht10.cmp5389/sht2.cmp3336,C5124,1267370011,NO,c_sym_1.smb
420,sht10.cmp5389/sht2.cmp3321,C5125,1267362202,NO,c_sym_1.smb
421,sht10.cmp5389/sht2.cmp3313,C5126,1267362202,NO,c_sym_1.smb
422,sht10.cmp5389/sht2.cmp3330,C5127,1267362202,NO,c_sym_1.smb
423,sht10.cmp5389/sht2.cmp3516,C5128,1267370607,YES,c_sym_1.smb
424,sht10.cmp5389/sht2.cmp3554,C5129,1267362202,YES,c_sym_1.smb
425,sht9.cmp638,C5429,1267370666,NO,c_sym_1.smb
426,sht9.cmp645,C5436,1267370009,NO,c_sym_1.smb
427,sht3.cmp269,C5660,1267370028,YES,c_sym_1.smb
428,sht3.cmp300,C5661,1267370911,YES,c_sym_1.smb
429,sht3.cmp306,C5662,1267370640,YES,c_sym_1.smb
430,sht6.cmp2622,C5815,1267370011,NO,c_sym_1.smb
431,sht6.cmp2646,C5900,1267370011,NO,c_sym_1.smb
432,sht15.cmp2464,C5901,1267370011,NO,c_sym_1.smb
433,sht15.cmp2472,C5903,1267370011,NO,c_sym_1.smb
434,sht17.cmp8559,C5904,1267370640,NO,c_sym_1.smb
435,sht17.cmp8532,C5905,1267370011,NO,c_sym_1.smb
436,sht17.cmp8578,C5906,1267370640,NO,c_sym_1.smb
437,sht7.cmp3136,C5907,1267370009,NO,c_sym_1.smb
438,sht17.cmp8443,C5908,1267370011,NO,c_sym_1.smb
439,sht14.cmp3901,C5909,1267370682,NO,c_sym_1.smb
440,sht12.cmp114,C5910,1267370682,NO,c_sym_1.smb
441,sht14.cmp3882,C5911,1267370682,NO,c_sym_1.smb
442,sht15.cmp2436,C5912,1267370011,NO,c_sym_1.smb
443,sht15.cmp1820,C5913,1267370011,NO,c_sym_1.smb
444,sht15.cmp2429,C5914,1267370011,NO,c_sym_1.smb
445,sht18.cmp37,C5916,1267370669,NO,c_sym_1.smb
446,sht7.cmp2852,C5917,1267370682,NO,c_sym_1.smb
447,sht17.cmp8465,C5918,1267370640,NO,c_sym_1.smb
448,sht17.cmp8589,C5919,1267370011,NO,c_sym_1.smb
449,sht6.cmp2494,C5922,1267370011,NO,c_sym_1.smb
450,sht6.cmp2382,C5923,1267370011,NO,c_sym_1.smb
451,sht14.cmp3745,C5926,1267370682,NO,c_sym_1.smb
452,sht18.cmp4,C5927,1267370679,NO,c_sym_1.smb
453,sht16.cmp3606,C5928,1267370640,NO,c_sym_1.smb
454,sht12.cmp175,C5929,1267370682,NO,c_sym_1.smb
455,sht16.cmp3256,C5930,1267370011,NO,c_sym_1.smb
456,sht16.cmp3285,C5931,1267370011,NO,c_sym_1.smb
457,sht6.cmp2415,C5932,1267370011,NO,c_sym_1.smb
458,sht6.cmp2426,C5933,1267370011,NO,c_sym_1.smb
459,sht12.cmp132,C5934,1267370682,NO,c_sym_1.smb
460,sht6.cmp2669,C5935,1267370011,NO,c_sym_1.smb
461,sht6.cmp2647,C5938,1267370011,NO,c_sym_1.smb
462,sht11.cmp3982,C5939,1267370011,NO,c_sym_1.smb
463,sht16.cmp3343,C5940,1267370640,NO,c_sym_1.smb
464,sht16.cmp3313,C5941,1267370640,NO,c_sym_1.smb
465,sht16.cmp3353,C5942,1267370640,NO,c_sym_1.smb
466,sht6.cmp2473,C5943,1267370011,NO,c_sym_1.smb
467,sht9.cmp566,C5945,1267370011,NO,c_sym_1.smb
468,sht6.cmp2437,C5946,1267370011,NO,c_sym_1.smb
469,sht6.cmp2371,C5947,1267370011,NO,c_sym_1.smb
470,sht11.cmp3955,C5960,1267370011,NO,c_sym_1.smb
471,sht17.cmp8518,C5962,1267370027,YES,c_sym_1.smb
472,sht11.cmp4007,C5963,1267370011,NO,c_sym_1.smb
473,sht15.cmp2423,C5964,1267370011,NO,c_sym_1.smb
474,sht15.cmp2456,C5965,1267370011,NO,c_sym_1.smb
475,sht6.cmp2360,C5966,1267370011,NO,c_sym_1.smb
476,sht17.cmp8501,C5971,1267370027,NO,c_sym_1.smb
477,sht9.cmp347,C5972,1267370011,NO,c_sym_1.smb
478,sht9.cmp389,C5973,1267370011,NO,c_sym_1.smb
479,sht9.cmp422,C5974,1267370011,YES,c_sym_1.smb
480,sht6.cmp2667,C5976,1267370682,NO,c_sym_1.smb
481,sht6.cmp2700,C5977,1267370682,NO,c_sym_1.smb
482,sht6.cmp2784,C5978,1267370011,NO,c_sym_1.smb
483,sht9.cmp598,C5979,1267370011,NO,c_sym_1.smb
484,sht11.cmp3950,C6110,1267370011,NO,c_sym_1.smb
485,sht11.cmp3949,C6111,1267370009,NO,c_sym_1.smb
486,sht11.cmp3946,C6117,1267370009,NO,c_sym_1.smb
487,sht11.cmp3977,C6120,1267370011,NO,c_sym_1.smb
488,sht11.cmp3976,C6121,1267370009,NO,c_sym_1.smb
489,sht11.cmp3973,C6127,1267370009,NO,c_sym_1.smb
490,sht11.cmp4002,C6130,1267370011,NO,c_sym_1.smb
491,sht11.cmp4001,C6131,1267370009,NO,c_sym_1.smb
492,sht11.cmp3998,C6137,1267370009,NO,c_sym_1.smb
493,sht16.cmp3250,C6140,1267370011,NO,c_sym_1.smb
494,sht16.cmp3240,C6141,1267370009,NO,c_sym_1.smb
495,sht16.cmp3257,C6147,1267370009,NO,c_sym_1.smb
496,sht16.cmp3283,C6150,1267370011,NO,c_sym_1.smb
497,sht16.cmp3296,C6151,1267370009,NO,c_sym_1.smb
498,sht16.cmp3290,C6157,1267370009,NO,c_sym_1.smb
499,sht16.cmp3363,C6160,1267370011,NO,c_sym_1.smb
500,sht16.cmp3374,C6161,1267370009,YES,c_sym_1.smb
501,sht16.cmp3393,C6167,1267370009,YES,c_sym_1.smb
502,sht17.cmp8450,C6170,1267370011,NO,c_sym_1.smb
503,sht17.cmp8461,C6171,1267370009,NO,c_sym_1.smb
504,sht17.cmp8472,C6177,1267370009,NO,c_sym_1.smb
505,sht17.cmp8500,C6180,1267370011,NO,c_sym_1.smb
506,sht17.cmp8510,C6181,1267370682,NO,c_sym_1.smb
507,sht17.cmp8601,C6182,1267370010,NO,c_sym_1.smb
508,sht17.cmp8515,C6190,1267370011,YES,c_sym_1.smb
509,sht17.cmp8519,C6191,1267370663,YES,c_sym_1.smb
510,sht17.cmp8602,C6192,1267370010,YES,c_sym_1.smb
511,sht17.cmp8529,C6200,1267370011,NO,c_sym_1.smb
512,sht17.cmp8537,C6201,1267370009,NO,c_sym_1.smb
513,sht17.cmp8539,C6207,1267370009,NO,c_sym_1.smb
514,sht17.cmp8583,C6210,1267370011,NO,c_sym_1.smb
515,sht17.cmp8568,C6211,1267370009,NO,c_sym_1.smb
516,sht17.cmp8574,C6217,1267370009,NO,c_sym_1.smb
517,sht11.cmp3329,C7000,1267370906,YES,c_sym_1.smb
518,sht11.cmp3338,C7001,1267370903,NO,c_sym_1.smb
519,sht11.cmp3367,C7002,1267370564,NO,c_sym_1.smb
520,sht11.cmp3384,C7003,1267370011,NO,c_sym_1.smb
521,sht11.cmp3386,C7008,1267370011,NO,c_sym_1.smb
522,sht12.cmp41,C7160,1267370527,NO,c_sym_1.smb
523,sht12.cmp62,C7161,1267370640,NO,c_sym_1.smb
524,sht12.cmp42,C7170,1267370527,NO,c_sym_1.smb
525,sht12.cmp59,C7171,1267370640,NO,c_sym_1.smb
526,sht12.cmp90,C7180,1267370527,NO,c_sym_1.smb
527,sht12.cmp32,C7181,1267370640,NO,c_sym_1.smb
528,sht12.cmp156,C7190,1267370527,NO,c_sym_1.smb
529,sht12.cmp146,C7191,1267370640,NO,c_sym_1.smb
530,sht12.cmp185,C7200,1267370527,NO,c_sym_1.smb
531,sht12.cmp183,C7201,1267370640,NO,c_sym_1.smb
532,sht14.cmp3807,C7210,1267370527,NO,c_sym_1.smb
533,sht14.cmp3844,C7211,1267370640,NO,c_sym_1.smb
534,sht14.cmp3808,C7240,1267370527,NO,c_sym_1.smb
535,sht14.cmp3845,C7241,1267370640,NO,c_sym_1.smb
536,sht14.cmp3809,C7250,1267370527,NO,c_sym_1.smb
537,sht14.cmp3846,C7251,1267370640,NO,c_sym_1.smb
538,sht14.cmp3868,C7260,1267370527,NO,c_sym_1.smb
539,sht14.cmp3857,C7261,1267370640,NO,c_sym_1.smb
540,sht14.cmp3912,C7270,1267370527,NO,c_sym_1.smb
541,sht14.cmp3911,C7271,1267370640,NO,c_sym_1.smb
542,sht16.cmp3522,C7367,1267370903,NO,c_sym_1.smb
543,sht16.cmp3509,C7368,1267370011,NO,c_sym_1.smb
544,sht16.cmp3059,C7369,1267370906,NO,c_sym_1.smb
545,sht16.cmp3506,C7372,1267370028,NO,c_sym_1.smb
546,sht16.cmp3510,C7374,1267370906,YES,c_sym_1.smb
547,sht16.cmp3145,C7409,1267370594,NO,c_sym_1.smb
548,sht16.cmp3147,C7410,1267370606,NO,c_sym_1.smb
549,sht16.cmp3141,C7411,1267370008,NO,c_sym_1.smb
550,sht16.cmp3511,C7412,1267370747,NO,c_sym_1.smb
551,sht16.cmp3171,C7419,1267370594,NO,c_sym_1.smb
552,sht16.cmp3176,C7420,1267370606,NO,c_sym_1.smb
553,sht16.cmp3163,C7421,1267370008,NO,c_sym_1.smb
554,sht16.cmp3514,C7422,1267370747,NO,c_sym_1.smb
555,sht16.cmp3402,C7429,1267370594,NO,c_sym_1.smb
556,sht16.cmp3395,C7430,1267370606,NO,c_sym_1.smb
557,sht16.cmp3403,C7431,1267370008,NO,c_sym_1.smb
558,sht16.cmp3517,C7432,1267370747,NO,c_sym_1.smb
559,sht17.cmp8366,C7439,1267370594,NO,c_sym_1.smb
560,sht17.cmp8370,C7440,1267370606,NO,c_sym_1.smb
561,sht17.cmp8364,C7441,1267370008,NO,c_sym_1.smb
562,sht17.cmp8374,C7442,1267370747,NO,c_sym_1.smb
563,sht17.cmp8120,C7453,1267370527,NO,c_sym_1.smb
564,sht17.cmp8119,C7454,1267370640,NO,c_sym_1.smb
565,sht17.cmp8210,C7463,1267370527,YES,c_sym_1.smb
566,sht17.cmp8232,C7464,1267370640,YES,c_sym_1.smb
567,sht17.cmp8397,C7469,1267370594,NO,c_sym_1.smb
568,sht17.cmp8399,C7470,1267370606,NO,c_sym_1.smb
569,sht17.cmp8387,C7471,1267370008,NO,c_sym_1.smb
570,sht17.cmp8396,C7472,1267370747,NO,c_sym_1.smb
571,sht17.cmp8418,C7479,1267370594,NO,c_sym_1.smb
572,sht17.cmp8420,C7480,1267370606,NO,c_sym_1.smb
573,sht17.cmp8408,C7481,1267370008,NO,c_sym_1.smb
574,sht17.cmp8417,C7482,1267370747,NO,c_sym_1.smb
575,sht15.cmp2864,C8100,1267373039,NO,elko_sym_1.smb
576,sht15.cmp2624,C8101,1267362202,NO,c_sym_1.smb
577,sht15.cmp2621,C8102,1267370564,NO,c_sym_1.smb
578,sht15.cmp1749,C8103,1267370562,NO,c_sym_1.smb
579,sht15.cmp1713,C8104,1267370562,NO,c_sym_1.smb
580,sht15.cmp1737,C8105,1267370011,NO,c_sym_1.smb
581,sht15.cmp2622,C8112,1267370564,NO,c_sym_1.smb
582,sht15.cmp1678,C8113,1267370562,NO,c_sym_1.smb
583,sht15.cmp1746,C8114,1267370562,NO,c_sym_1.smb
584,sht15.cmp2867,C8120,1267373039,NO,elko_sym_1.smb
585,sht15.cmp2634,C8121,1267362202,NO,c_sym_1.smb
586,sht15.cmp2631,C8122,1267370564,NO,c_sym_1.smb
587,sht15.cmp1673,C8123,1267370562,NO,c_sym_1.smb
588,sht15.cmp1637,C8124,1267370562,NO,c_sym_1.smb
589,sht15.cmp1661,C8125,1267370011,NO,c_sym_1.smb
590,sht15.cmp2632,C8132,1267370564,NO,c_sym_1.smb
591,sht15.cmp1602,C8133,1267370562,NO,c_sym_1.smb
592,sht15.cmp1670,C8134,1267370562,NO,c_sym_1.smb
593,sht15.cmp2644,C8141,1267362202,NO,c_sym_1.smb
594,sht15.cmp2641,C8142,1267370564,NO,c_sym_1.smb
595,sht15.cmp2031,C8143,1267370562,NO,c_sym_1.smb
596,sht15.cmp2094,C8144,1267370562,NO,c_sym_1.smb
597,sht15.cmp2089,C8145,1267370011,NO,c_sym_1.smb
598,sht15.cmp2642,C8152,1267370564,NO,c_sym_1.smb
599,sht9.cmp318,D1800,1267375426,NO,doppel_suppressor_bidirekt_sdsym_1.smb
600,sht9.cmp343,D1810,1267375426,YES,doppel_suppressor_bidirekt_sdsym_1.smb
601,sht9.cmp557,D1850,1267375426,YES,doppel_suppressor_bidirekt_sdsym_1.smb
602,sht8.cmp27,D2200,1267375426,NO,doppel_suppressor_bidirekt_sdsym_1.smb
603,sht8.cmp471,D2220,1267375426,NO,doppel_suppressor_bidirekt_sdsym_1.smb
604,sht8.cmp503,D2240,1267375426,NO,doppel_suppressor_bidirekt_sdsym_1.smb
605,sht8.cmp534,D2260,1267375426,NO,doppel_suppressor_bidirekt_sdsym_1.smb
606,sht8.cmp648,D2270,1267375426,NO,doppel_suppressor_bidirekt_sdsym_1.smb
607,sht8.cmp579,D2280,1267375426,NO,doppel_suppressor_bidirekt_sdsym_1.smb
608,sht1.cmp1405,D3000,1267375175,NO,schottky_sym_1.smb
609,sht1.cmp1384,D3000T,8909B0295201,YES,master_diode_sym_1.smb
610,sht1.cmp1490,D3001,1267375143,NO,master_diode_sym_1.smb
611,sht1.cmp1879,D3002,1267375404,NO,suppressor_sym_1.smb
612,sht1.cmp1880,D3003,1267375404,NO,suppressor_sym_1.smb
613,sht1.cmp1559,D3011,1267375118,NO,master_diode_sym_1.smb
614,sht1.cmp1316,D3012,1267375404,NO,suppressor_sym_1.smb
615,sht1.cmp1391,D3020,1267375175,NO,schottky_sym_1.smb
616,sht1.cmp1471,D3022,1267375158,NO,schottky_sym_1.smb
617,sht1.cmp1458,D3023,1267375158,NO,schottky_sym_1.smb
618,sht1.cmp1698,D3024,1267375165,NO,schottky_sym_1.smb
619,sht1.cmp1288,D3025,1267375158,NO,schottky_sym_1.smb
620,sht1.cmp1474,D3026,1267375158,NO,schottky_sym_1.smb
621,sht3.cmp148,D3162,1267375158,NO,master_schottky_horiz_sdsym_1.smb
622,sht4.cmp3547,D3171,1267375426,NO,doppel_suppressor_bidirekt_sdsym_1.smb
623,sht4.cmp4883,D3175,1267375426,YES,doppel_suppressor_bidirekt_sdsym_1.smb
624,sht3.cmp179,D3200,1267375118,YES,master_diode_sym_1.smb
625,sht1.cmp2017,D3430,1267375404,YES,suppressor_sym_1.smb
626,sht1.cmp2042,D3431,1267375435,NO,master_zdiode_sym_1.smb
627,sht4.cmp3976,D4551,1267375426,NO,doppel_suppressor_bidirekt_sdsym_1.smb
628,sht4.cmp4884,D4553,1267375426,YES,doppel_suppressor_bidirekt_sdsym_1.smb
629,sht4.cmp4248,D4561,1267375426,NO,doppel_suppressor_bidirekt_sdsym_1.smb
630,sht4.cmp4885,D4562,1267375426,YES,doppel_suppressor_bidirekt_sdsym_1.smb
631,sht4.cmp4913,D4563,1267375426,YES,doppel_suppressor_bidirekt_sdsym_1.smb
632,sht4.cmp4912,D4566,1267375426,YES,doppel_suppressor_bidirekt_sdsym_1.smb
633,sht4.cmp4294,D4576,1267375426,NO,doppel_suppressor_bidirekt_sdsym_1.smb
634,sht4.cmp4323,D4581,1267375426,NO,doppel_suppressor_bidirekt_sdsym_1.smb
635,sht4.cmp4757,D4591,1267375426,NO,doppel_suppressor_bidirekt_sdsym_1.smb
636,sht4.cmp4781,D4593,1267375426,NO,doppel_suppressor_bidirekt_sdsym_1.smb
637,sht4.cmp4886,D4594,1267375426,YES,doppel_suppressor_bidirekt_sdsym_1.smb
638,sht4.cmp4878,D4600,1267375162,NO,master_diode_sym_1.smb
639,sht4.cmp4824,D4604,1267375159,YES,master_diode_sym_1.smb
640,sht4.cmp4799,D4609,1267375159,NO,master_diode_sym_1.smb
641,sht5.cmp2471,D4610,1267375426,NO,doppel_suppressor_bidirekt_sdsym_1.smb
642,sht5.cmp2479,D4615,1267375426,NO,doppel_suppressor_bidirekt_sdsym_1.smb
643,sht5.cmp2492,D4620,1267375426,NO,doppel_suppressor_bidirekt_sdsym_1.smb
644,sht5.cmp2507,D4625,1267375426,NO,doppel_suppressor_bidirekt_sdsym_1.smb
645,sht5.cmp2543,D4630,1267375426,NO,doppel_suppressor_bidirekt_sdsym_1.smb
646,sht5.cmp2667,D4631,1267375426,YES,doppel_suppressor_bidirekt_sdsym_1.smb
647,sht5.cmp2606,D4641,1267375426,NO,doppel_suppressor_bidirekt_sdsym_1.smb
648,sht5.cmp2707,D4643,1267375426,NO,doppel_suppressor_bidirekt_sdsym_1.smb
649,sht5.cmp2708,D4644,1267375426,NO,doppel_suppressor_bidirekt_sdsym_1.smb
650,sht5.cmp2704,D4646,1267375426,YES,doppel_suppressor_bidirekt_sdsym_1.smb
651,sht5.cmp2635,D4655,1267375426,NO,doppel_suppressor_bidirekt_sdsym_1.smb
652,sht18.cmp19,D4820,1267375159,YES,master_diode_horiz_sdsym_1.smb
653,sht18.cmp8,D4821,1267375416,YES,suppressor_sym_1.smb
654,sht18.cmp59,D4822,1267375426,NO,doppel_suppressor_bidirekt_sdsym_1.smb
655,sht10.cmp5389/sht2.cmp3378,D5120,1267375177,NO,schottky_sym_1.smb
656,sht3.cmp299,D5660,1267375159,YES,master_diode_sym_1.smb
657,sht11.cmp4036,D7001,1267375171,NO,master_diode_sym_1.smb
658,sht11.cmp4041,D7002,1267375171,NO,master_diode_sym_1.smb
659,sht11.cmp4037,D7003,1267375171,NO,master_diode_sym_1.smb
660,sht11.cmp4038,D7005,1267375171,NO,master_diode_sym_1.smb
661,sht11.cmp4039,D7007,1267375143,NO,master_diode_sym_1.smb
662,sht12.cmp3,D7033,1267375404,NO,suppressor_sym_1.smb
663,sht12.cmp49,D7034,1267375404,NO,suppressor_sym_1.smb
664,sht12.cmp92,D7035,1267375404,NO,suppressor_sym_1.smb
665,sht12.cmp96,D7036,1267375404,NO,suppressor_sym_1.smb
666,sht12.cmp58,D7037,1267375404,NO,suppressor_sym_1.smb
667,sht12.cmp44,D7160,1267375171,NO,master_diode_sym_1.smb
668,sht12.cmp78,D7170,1267375171,NO,master_diode_sym_1.smb
669,sht12.cmp28,D7180,1267375171,NO,master_diode_sym_1.smb
670,sht12.cmp158,D7190,1267375171,NO,master_diode_sym_1.smb
671,sht12.cmp186,D7200,1267375171,NO,master_diode_sym_1.smb
672,sht14.cmp3417,D7210,1267375171,NO,master_diode_sym_1.smb
673,sht14.cmp3527,D7240,1267375171,NO,master_diode_sym_1.smb
674,sht14.cmp3541,D7250,1267375171,NO,master_diode_sym_1.smb
675,sht14.cmp3873,D7260,1267375171,NO,master_diode_sym_1.smb
676,sht14.cmp3902,D7270,1267375171,NO,master_diode_sym_1.smb
677,sht16.cmp3124,D7409,1267375171,NO,master_diode_sym_1.smb
678,sht16.cmp3175,D7419,1267375171,NO,master_diode_sym_1.smb
679,sht16.cmp3360,D7429,1267375171,NO,master_diode_sym_1.smb
680,sht17.cmp8361,D7439,1267375171,NO,master_diode_sym_1.smb
681,sht17.cmp8607,D7450,1267375155,NO,master_diode_sym_1.smb
682,sht17.cmp8611,D7460,1267375143,YES,master_diode_sym_1.smb
683,sht17.cmp8390,D7469,1267375171,NO,master_diode_sym_1.smb
684,sht17.cmp8411,D7479,1267375171,NO,master_diode_sym_1.smb
685,sht15.cmp2748,D8400,1267375404,NO,suppressor_sym_1.smb
686,sht10.cmp5389,HB5000,BS_UC1_DEV5_151;E,NO,BS_UC1_DEV5_151.smb
687,sht1.cmp86,KR1,8909B02697,NO,kr1_sym_1.smb
688,sht1.cmp2036,L3000,1267369535,NO,drossel_sdsym_1.smb
689,sht1.cmp1357,L3001,8909008195,YES,l_sym_1.smb
690,sht1.cmp1318,L3020,8909007119,NO,drossel_pol_sdsym_1.smb
691,sht1.cmp1396,L3021,8909008195,YES,l_sym_1.smb
692,sht4.cmp4896,L3170,1277240021,NO,act_filter_no_pol_sdsym_1.smb
693,sht1.cmp1963,L3590,1267369542,NO,drossel_pol_sdsym_1.smb
694,sht4.cmp4898,L4550,1277240021,NO,act_filter_no_pol_sdsym_1.smb
695,sht4.cmp4899,L4560,1277240021,NO,act_filter_no_pol_sdsym_1.smb
696,sht4.cmp4900,L4570,1277240021,NO,act_filter_no_pol_sdsym_1.smb
697,sht4.cmp4901,L4580,1277240021,NO,act_filter_no_pol_sdsym_1.smb
698,sht4.cmp4902,L4590,1277240021,NO,act_filter_no_pol_sdsym_1.smb
699,sht4.cmp4778,L4600,1267369162,YES,l_sym_1.smb
700,sht4.cmp4832,L4605,1267369162,YES,l_sym_1.smb
701,sht10.cmp5389/sht2.cmp3667,L5120,1267369160,NO,drossel_sdsym_1.smb
702,sht1.cmp2065,P0001,ICT--POINT,NO,ict_sym_3.smb
703,sht1.cmp2064,P0002,ICT--POINT,NO,ict_sym_3.smb
704,sht1.cmp2051,P0003,ICT--POINT,NO,ict_sym_3.smb
705,sht1.cmp2053,P0004,ICT--POINT,NO,ict_sym_3.smb
706,sht1.cmp2056,P0005,ICT--POINT,NO,ict_sym_3.smb
707,sht1.cmp2059,P0006,ICT--POINT,NO,ict_sym_3.smb
708,sht1.cmp2069,P0009,ICT--POINT,NO,ict_sym_3.smb
709,sht1.cmp233,P0010,ICT--POINT,NO,ict_sym_3.smb
710,sht5.cmp2613,P0101,ICT--POINT,NO,ict_sym_3.smb
711,sht5.cmp2608,P0102,ICT--POINT,NO,ict_sym_3.smb
712,sht9.cmp666,P0113,ICT--POINT,NO,ict_sym_3.smb
713,sht2.cmp740,P0114,ICT--POINT,,ict_sym_3.smb
714,sht1.cmp1499,P0143,ICT--POINT,NO,ict_sym_3.smb
715,sht1.cmp1502,P0144,ICT--POINT,NO,ict_sym_3.smb
716,sht1.cmp1510,P0145,ICT--POINT,NO,ict_sym_3.smb
717,sht1.cmp1824,P0148,ICT--POINT,NO,ict_sym_3.smb
718,sht1.cmp1820,P0154,ICT--POINT,NO,ict_sym_3.smb
719,sht2.cmp741,P0203,ICT--POINT,,ict_sym_3.smb
720,sht2.cmp742,P0213,ICT--POINT,,ict_sym_3.smb
721,sht2.cmp743,P0216,ICT--POINT,,ict_sym_3.smb
722,sht5.cmp2525,P0228,ICT--POINT,NO,ict_sym_3.smb
723,sht5.cmp2524,P0229,ICT--POINT,NO,ict_sym_3.smb
724,sht2.cmp744,P0230,ICT--POINT,,ict_sym_3.smb
725,sht2.cmp745,P0234,ICT--POINT,,ict_sym_3.smb
726,sht2.cmp746,P0248,ICT--POINT,,ict_sym_3.smb
727,sht2.cmp747,P0257,ICT--POINT,,ict_sym_3.smb
728,sht2.cmp749,P0307,ICT--POINT,,ict_sym_3.smb
729,sht2.cmp750,P0308,ICT--POINT,,ict_sym_3.smb
730,sht2.cmp748,P0309,ICT--POINT,,ict_sym_3.smb
731,sht2.cmp751,P0323,ICT--POINT,,ict_sym_3.smb
732,sht5.cmp2523,P0325,ICT--POINT,NO,ict_sym_3.smb
733,sht5.cmp2522,P0326,ICT--POINT,NO,ict_sym_3.smb
734,sht2.cmp753,P0346,ICT--POINT,,ict_sym_3.smb
735,sht2.cmp754,P0350,ICT--POINT,,ict_sym_3.smb
736,sht2.cmp755,P0354,ICT--POINT,,ict_sym_3.smb
737,sht2.cmp756,P0401,ICT--POINT,,ict_sym_3.smb
738,sht2.cmp757,P0405,ICT--POINT,,ict_sym_3.smb
739,sht5.cmp2529,P0415,ICT--POINT,NO,ict_sym_3.smb
740,sht5.cmp2528,P0418,ICT--POINT,NO,ict_sym_3.smb
741,sht2.cmp758,P0427,ICT--POINT,,ict_sym_3.smb
742,sht2.cmp752,P0444,ICT--POINT,,ict_sym_3.smb
743,sht1.cmp2096,P0501,ICT--POINT,,ict_sym_3.smb
744,sht3.cmp348,P0504,ICT--POINT,,ict_sym_3.smb
745,sht1.cmp1821,P0506,ICT--POINT,NO,ict_sym_3.smb
746,sht2.cmp760,P0525,ICT--POINT,,ict_sym_3.smb
747,sht2.cmp759,P0531,ICT--POINT,,ict_sym_3.smb
748,sht5.cmp2548,P0605,ICT--POINT,NO,ict_sym_3.smb
749,sht5.cmp2547,P0606,ICT--POINT,NO,ict_sym_3.smb
750,sht5.cmp2634,P0607,ICT--POINT,NO,ict_sym_3.smb
751,sht5.cmp2631,P0608,ICT--POINT,NO,ict_sym_3.smb
752,sht2.cmp761,P0613,ICT--POINT,,ict_sym_3.smb
753,sht5.cmp2527,P0615,ICT--POINT,NO,ict_sym_3.smb
754,sht5.cmp2526,P0616,ICT--POINT,NO,ict_sym_3.smb
755,sht2.cmp762,P0624,ICT--POINT,,ict_sym_3.smb
756,sht9.cmp653,P1100,ICT--POINT,NO,ict_sym_3.smb
757,sht9.cmp663,P1101,ICT--POINT,NO,ict_sym_3.smb
758,sht9.cmp659,P1102,ICT--POINT,NO,ict_sym_3.smb
759,sht9.cmp637,P1103,ICT--POINT,NO,ict_sym_3.smb
760,sht9.cmp629,P1104,ICT--POINT,NO,ict_sym_3.smb
761,sht9.cmp647,P1105,ICT--POINT,NO,ict_sym_3.smb
762,sht6.cmp2364,P1200,ICT--POINT,NO,ict_sym_3.smb
763,sht6.cmp2361,P1203,ICT--POINT,NO,ict_sym_3.smb
764,sht6.cmp2375,P1210,ICT--POINT,NO,ict_sym_3.smb
765,sht6.cmp2372,P1213,ICT--POINT,NO,ict_sym_3.smb
766,sht6.cmp2386,P1220,ICT--POINT,NO,ict_sym_3.smb
767,sht6.cmp2383,P1223,ICT--POINT,NO,ict_sym_3.smb
768,sht6.cmp2419,P1230,ICT--POINT,NO,ict_sym_3.smb
769,sht6.cmp2416,P1233,ICT--POINT,NO,ict_sym_3.smb
770,sht6.cmp2430,P1240,ICT--POINT,NO,ict_sym_3.smb
771,sht6.cmp2427,P1243,ICT--POINT,NO,ict_sym_3.smb
772,sht6.cmp2441,P1250,ICT--POINT,NO,ict_sym_3.smb
773,sht6.cmp2438,P1253,ICT--POINT,NO,ict_sym_3.smb
774,sht6.cmp2491,P1260,ICT--POINT,NO,ict_sym_3.smb
775,sht6.cmp2499,P1263,ICT--POINT,NO,ict_sym_3.smb
776,sht6.cmp2477,P1270,ICT--POINT,NO,ict_sym_3.smb
777,sht6.cmp2471,P1273,ICT--POINT,NO,ict_sym_3.smb
778,sht6.cmp2656,P1280,ICT--POINT,NO,ict_sym_3.smb
779,sht6.cmp2630,P1283,ICT--POINT,NO,ict_sym_3.smb
780,sht6.cmp2618,P1290,ICT--POINT,NO,ict_sym_3.smb
781,sht6.cmp2641,P1293,ICT--POINT,NO,ict_sym_3.smb
782,sht6.cmp2680,P1300,ICT--POINT,NO,ict_sym_3.smb
783,sht6.cmp2626,P1303,ICT--POINT,NO,ict_sym_3.smb
784,sht6.cmp2672,P1310,ICT--POINT,NO,ict_sym_3.smb
785,sht6.cmp2648,P1313,ICT--POINT,NO,ict_sym_3.smb
786,sht6.cmp2654,P1320,ICT--POINT,NO,ict_sym_3.smb
787,sht6.cmp2638,P1323,ICT--POINT,NO,ict_sym_3.smb
788,sht6.cmp2703,P1330,ICT--POINT,NO,ict_sym_3.smb
789,sht6.cmp2708,P1333,ICT--POINT,NO,ict_sym_3.smb
790,sht6.cmp2769,P1335,ICT--POINT,NO,ict_sym_3.smb
791,sht6.cmp2777,P1338,ICT--POINT,NO,ict_sym_3.smb
792,sht7.cmp3158,P1568,ICT--POINT,NO,ict_sym_3.smb
793,sht7.cmp3176,P1600,ICT--POINT,NO,ict_sym_3.smb
794,sht9.cmp339,P1800,ICT--POINT,NO,ict_sym_3.smb
795,sht9.cmp330,P1801,ICT--POINT,NO,ict_sym_3.smb
796,sht9.cmp336,P1802,ICT--POINT,NO,ict_sym_3.smb
797,sht9.cmp368,P1810,ICT--POINT,NO,ict_sym_3.smb
798,sht9.cmp346,P1811,ICT--POINT,NO,ict_sym_3.smb
799,sht9.cmp356,P1812,ICT--POINT,NO,ict_sym_3.smb
800,sht9.cmp396,P1820,ICT--POINT,NO,ict_sym_3.smb
801,sht9.cmp386,P1821,ICT--POINT,NO,ict_sym_3.smb
802,sht9.cmp398,P1822,ICT--POINT,NO,ict_sym_3.smb
803,sht9.cmp401,P1830,ICT--POINT,NO,ict_sym_3.smb
804,sht9.cmp415,P1831,ICT--POINT,NO,ict_sym_3.smb
805,sht9.cmp400,P1832,ICT--POINT,NO,ict_sym_3.smb
806,sht9.cmp431,P1840,ICT--POINT,NO,ict_sym_3.smb
807,sht9.cmp438,P1841,ICT--POINT,NO,ict_sym_3.smb
808,sht9.cmp454,P1842,ICT--POINT,NO,ict_sym_3.smb
809,sht9.cmp555,P1850,ICT--POINT,NO,ict_sym_3.smb
810,sht9.cmp559,P1851,ICT--POINT,NO,ict_sym_3.smb
811,sht9.cmp576,P1852,ICT--POINT,NO,ict_sym_3.smb
812,sht9.cmp595,P1860,ICT--POINT,NO,ict_sym_3.smb
813,sht9.cmp587,P1861,ICT--POINT,NO,ict_sym_3.smb
814,sht9.cmp591,P1862,ICT--POINT,NO,ict_sym_3.smb
815,sht9.cmp476,P2000,ICT--POINT,NO,ict_sym_3.smb
816,sht9.cmp470,P2003,ICT--POINT,NO,ict_sym_3.smb
817,sht8.cmp10,P2200,ICT--POINT,NO,ict_sym_3.smb
818,sht8.cmp13,P2201,ICT--POINT,NO,ict_sym_3.smb
819,sht8.cmp31,P2202,ICT--POINT,NO,ict_sym_3.smb
820,sht8.cmp445,P2210,ICT--POINT,NO,ict_sym_3.smb
821,sht8.cmp447,P2211,ICT--POINT,NO,ict_sym_3.smb
822,sht8.cmp449,P2212,ICT--POINT,NO,ict_sym_3.smb
823,sht8.cmp466,P2220,ICT--POINT,NO,ict_sym_3.smb
824,sht8.cmp461,P2221,ICT--POINT,NO,ict_sym_3.smb
825,sht8.cmp454,P2222,ICT--POINT,NO,ict_sym_3.smb
826,sht8.cmp484,P2230,ICT--POINT,NO,ict_sym_3.smb
827,sht8.cmp490,P2231,ICT--POINT,NO,ict_sym_3.smb
828,sht8.cmp481,P2232,ICT--POINT,NO,ict_sym_3.smb
829,sht8.cmp494,P2240,ICT--POINT,NO,ict_sym_3.smb
830,sht8.cmp511,P2241,ICT--POINT,NO,ict_sym_3.smb
831,sht8.cmp502,P2242,ICT--POINT,NO,ict_sym_3.smb
832,sht8.cmp515,P2250,ICT--POINT,NO,ict_sym_3.smb
833,sht8.cmp518,P2251,ICT--POINT,NO,ict_sym_3.smb
834,sht8.cmp525,P2252,ICT--POINT,NO,ict_sym_3.smb
835,sht8.cmp548,P2260,ICT--POINT,NO,ict_sym_3.smb
836,sht8.cmp542,P2261,ICT--POINT,NO,ict_sym_3.smb
837,sht8.cmp544,P2262,ICT--POINT,NO,ict_sym_3.smb
838,sht8.cmp559,P2270,ICT--POINT,NO,ict_sym_3.smb
839,sht8.cmp554,P2271,ICT--POINT,NO,ict_sym_3.smb
840,sht8.cmp571,P2272,ICT--POINT,NO,ict_sym_3.smb
841,sht8.cmp583,P2280,ICT--POINT,NO,ict_sym_3.smb
842,sht8.cmp591,P2281,ICT--POINT,NO,ict_sym_3.smb
843,sht8.cmp575,P2282,ICT--POINT,NO,ict_sym_3.smb
844,sht8.cmp617,P2290,ICT--POINT,NO,ict_sym_3.smb
845,sht8.cmp631,P2291,ICT--POINT,NO,ict_sym_3.smb
846,sht8.cmp630,P2292,ICT--POINT,NO,ict_sym_3.smb
847,sht15.cmp2540,P2630,ICT--POINT,NO,ict_sym_3.smb
848,sht1.cmp1881,P3001,ICT--POINT,NO,ict_sym_3.smb
849,sht1.cmp1718,P3002,ICT--POINT,NO,ict_sym_3.smb
850,sht1.cmp1432,P3005,ICT--POINT,NO,ict_sym_3.smb
851,sht1.cmp1456,P3006,ICT--POINT,NO,ict_sym_3.smb
852,sht1.cmp1337,P3009,ICT--POINT,NO,ict_sym_3.smb
853,sht1.cmp1450,P3011,ICT--POINT,NO,ict_sym_3.smb
854,sht1.cmp1415,P3012,ICT--POINT,NO,ict_sym_3.smb
855,sht1.cmp2031,P3013,ICT--POINT,NO,ict_sym_3.smb
856,sht1.cmp1308,P3014,ICT--POINT,NO,ict_sym_3.smb
857,sht1.cmp1378,P3015,ICT--POINT,NO,ict_sym_3.smb
858,sht1.cmp1293,P3016,ICT--POINT,NO,ict_sym_3.smb
859,sht1.cmp1414,P3017,ICT--POINT,NO,ict_sym_3.smb
860,sht1.cmp1423,P3018,ICT--POINT,NO,ict_sym_3.smb
861,sht1.cmp1467,P3019,ICT--POINT,NO,ict_sym_3.smb
862,sht1.cmp1377,P3020,ICT--POINT,NO,ict_sym_3.smb
863,sht1.cmp1473,P3021,ICT--POINT,NO,ict_sym_3.smb
864,sht1.cmp1469,P3023,ICT--POINT,NO,ict_sym_3.smb
865,sht1.cmp2029,P3026,ICT--POINT,NO,ict_sym_3.smb
866,sht1.cmp1394,P3027,ICT--POINT,NO,ict_sym_3.smb
867,sht1.cmp1300,P3028,ICT--POINT,NO,ict_sym_3.smb
868,sht1.cmp1369,P3029,ICT--POINT,NO,ict_sym_3.smb
869,sht1.cmp1374,P3030,ICT--POINT,NO,ict_sym_3.smb
870,sht1.cmp1325,P3031,ICT--POINT,NO,ict_sym_3.smb
871,sht1.cmp1400,P3032,ICT--POINT,NO,ict_sym_3.smb
872,sht1.cmp1329,P3034,ICT--POINT,NO,ict_sym_3.smb
873,sht1.cmp1365,P3035,ICT--POINT,NO,ict_sym_3.smb
874,sht1.cmp1313,P3037,ICT--POINT,NO,ict_sym_3.smb
875,sht1.cmp1477,P3038,ICT--POINT,NO,ict_sym_3.smb
876,sht1.cmp1344,P3042,ICT--POINT,NO,ict_sym_3.smb
877,sht1.cmp1290,P3043,ICT--POINT,NO,ict_sym_3.smb
878,sht1.cmp1390,P3044,ICT--POINT,NO,ict_sym_3.smb
879,sht1.cmp2030,P3048,ICT--POINT,NO,ict_sym_3.smb
880,sht1.cmp1341,P3049,ICT--POINT,NO,ict_sym_3.smb
881,sht1.cmp1355,P3051,ICT--POINT,NO,ict_sym_3.smb
882,sht1.cmp1315,P3052,ICT--POINT,NO,ict_sym_3.smb
883,sht1.cmp1418,P3053,ICT--POINT,NO,ict_sym_3.smb
884,sht1.cmp1408,P3054,ICT--POINT,NO,ict_sym_3.smb
885,sht1.cmp1480,P3055,ICT--POINT,NO,ict_sym_3.smb
886,sht1.cmp1334,P3056,ICT--POINT,NO,ict_sym_3.smb
887,sht1.cmp1349,P3057,ICT--POINT,NO,ict_sym_3.smb
888,sht1.cmp1460,P3059,ICT--POINT,NO,ict_sym_3.smb
889,sht1.cmp1321,P3060,ICT--POINT,NO,ict_sym_3.smb
890,sht1.cmp1350,P3062,ICT--POINT,NO,ict_sym_3.smb
891,sht1.cmp1382,P3063,ICT--POINT,NO,ict_sym_3.smb
892,sht1.cmp1463,P3064,ICT--POINT,NO,ict_sym_3.smb
893,sht1.cmp1386,P3066,ICT--POINT,NO,ict_sym_3.smb
894,sht1.cmp1427,P3067,ICT--POINT,NO,ict_sym_3.smb
895,sht2.cmp149,P3068,ICT--POINT,NO,ict_sym_3.smb
896,sht2.cmp208,P3069,ICT--POINT,NO,ict_sym_3.smb
897,sht2.cmp152,P3070,ICT--POINT,NO,ict_sym_3.smb
898,sht2.cmp159,P3071,ICT--POINT,NO,ict_sym_3.smb
899,sht2.cmp162,P3072,ICT--POINT,NO,ict_sym_3.smb
900,sht1.cmp2034,P3080,ICT--POINT,NO,ict_sym_3.smb
901,sht1.cmp173,P3081,ICT--POINT,NO,ict_sym_3.smb
902,sht1.cmp141,P3082,ICT--POINT,NO,ict_sym_3.smb
903,sht1.cmp146,P3083,ICT--POINT,NO,ict_sym_3.smb
904,sht1.cmp126,P3084,ICT--POINT,NO,ict_sym_3.smb
905,sht1.cmp39,P3085,ICT--POINT,NO,ict_sym_3.smb
906,sht1.cmp177,P3086,ICT--POINT,NO,ict_sym_3.smb
907,sht2.cmp598,P3150,ICT--POINT,NO,ict_sym_3.smb
908,sht2.cmp622,P3151,ICT--POINT,NO,ict_sym_3.smb
909,sht2.cmp600,P3152,ICT--POINT,NO,ict_sym_3.smb
910,sht2.cmp621,P3155,ICT--POINT,NO,ict_sym_3.smb
911,sht2.cmp603,P3156,ICT--POINT,NO,ict_sym_3.smb
912,sht3.cmp128,P3160,ICT--POINT,NO,ict_sym_3.smb
913,sht3.cmp59,P3162,ICT--POINT,NO,ict_sym_3.smb
914,sht3.cmp44,P3163,ICT--POINT,NO,ict_sym_3.smb
915,sht3.cmp102,P3165,ICT--POINT,NO,ict_sym_3.smb
916,sht3.cmp27,P3166,ICT--POINT,NO,ict_sym_3.smb
917,sht3.cmp38,P3167,ICT--POINT,NO,ict_sym_3.smb
918,sht1.cmp2032,P3170,ICT--POINT,NO,ict_sym_3.smb
919,sht1.cmp2033,P3171,ICT--POINT,NO,ict_sym_3.smb
920,sht4.cmp3530,P3173,ICT--POINT,NO,ict_sym_3.smb
921,sht4.cmp3559,P3175,ICT--POINT,NO,ict_sym_3.smb
922,sht4.cmp3558,P3176,ICT--POINT,NO,ict_sym_3.smb
923,sht3.cmp120,P3191,ICT--POINT,NO,ict_sym_3.smb
924,sht3.cmp109,P3192,ICT--POINT,NO,ict_sym_3.smb
925,sht3.cmp40,P3193,ICT--POINT,NO,ict_sym_3.smb
926,sht3.cmp82,P3194,ICT--POINT,NO,ict_sym_3.smb
927,sht3.cmp110,P3200,ICT--POINT,NO,ict_sym_3.smb
928,sht3.cmp45,P3208,ICT--POINT,NO,ict_sym_3.smb
929,sht1.cmp2021,P3431,ICT--POINT,NO,ict_sym_3.smb
930,sht1.cmp2022,P3434,ICT--POINT,NO,ict_sym_3.smb
931,sht7.cmp2843,P3585,ICT--POINT,NO,ict_sym_3.smb
932,sht1.cmp48,P3595,ICT--POINT,NO,ict_sym_3.smb
933,sht1.cmp285,P3596,ICT--POINT,NO,ict_sym_3.smb
934,sht4.cmp3986,P4550,ICT--POINT,NO,ict_sym_3.smb
935,sht4.cmp3978,P4551,ICT--POINT,NO,ict_sym_3.smb
936,sht4.cmp3971,P4553,ICT--POINT,NO,ict_sym_3.smb
937,sht4.cmp3974,P4555,ICT--POINT,NO,ict_sym_3.smb
938,sht4.cmp3972,P4556,ICT--POINT,NO,ict_sym_3.smb
939,sht4.cmp4247,P4560,ICT--POINT,NO,ict_sym_3.smb
940,sht4.cmp4276,P4561,ICT--POINT,NO,ict_sym_3.smb
941,sht4.cmp4274,P4563,ICT--POINT,NO,ict_sym_3.smb
942,sht4.cmp4273,P4565,ICT--POINT,NO,ict_sym_3.smb
943,sht4.cmp4264,P4566,ICT--POINT,NO,ict_sym_3.smb
944,sht4.cmp4282,P4570,ICT--POINT,NO,ict_sym_3.smb
945,sht4.cmp4310,P4571,ICT--POINT,NO,ict_sym_3.smb
946,sht4.cmp4305,P4573,ICT--POINT,NO,ict_sym_3.smb
947,sht4.cmp4304,P4575,ICT--POINT,NO,ict_sym_3.smb
948,sht4.cmp4298,P4576,ICT--POINT,NO,ict_sym_3.smb
949,sht4.cmp4319,P4580,ICT--POINT,NO,ict_sym_3.smb
950,sht4.cmp4322,P4581,ICT--POINT,NO,ict_sym_3.smb
951,sht4.cmp4324,P4583,ICT--POINT,NO,ict_sym_3.smb
952,sht4.cmp4348,P4585,ICT--POINT,NO,ict_sym_3.smb
953,sht4.cmp4330,P4586,ICT--POINT,NO,ict_sym_3.smb
954,sht4.cmp4768,P4590,ICT--POINT,NO,ict_sym_3.smb
955,sht4.cmp4750,P4591,ICT--POINT,NO,ict_sym_3.smb
956,sht4.cmp4739,P4593,ICT--POINT,NO,ict_sym_3.smb
957,sht4.cmp4769,P4595,ICT--POINT,NO,ict_sym_3.smb
958,sht4.cmp4751,P4596,ICT--POINT,NO,ict_sym_3.smb
959,sht4.cmp4805,P4600,ICT--POINT,NO,ict_sym_3.smb
960,sht4.cmp4794,P4601,ICT--POINT,NO,ict_sym_3.smb
961,sht4.cmp4827,P4602,ICT--POINT,NO,ict_sym_3.smb
962,sht4.cmp4804,P4603,ICT--POINT,NO,ict_sym_3.smb
963,sht4.cmp4812,P4604,ICT--POINT,NO,ict_sym_3.smb
964,sht4.cmp4841,P4605,ICT--POINT,NO,ict_sym_3.smb
965,sht4.cmp4810,P4606,ICT--POINT,NO,ict_sym_3.smb
966,sht4.cmp4777,P4607,ICT--POINT,NO,ict_sym_3.smb
967,sht4.cmp4829,P4608,ICT--POINT,NO,ict_sym_3.smb
968,sht4.cmp4782,P4609,ICT--POINT,NO,ict_sym_3.smb
969,sht5.cmp2467,P4610,ICT--POINT,NO,ict_sym_3.smb
970,sht4.cmp4882,P4611,ICT--POINT,NO,ict_sym_3.smb
971,sht5.cmp2486,P4615,ICT--POINT,NO,ict_sym_3.smb
972,sht5.cmp2502,P4620,ICT--POINT,NO,ict_sym_3.smb
973,sht4.cmp4846,P4623,ICT--POINT,NO,ict_sym_3.smb
974,sht5.cmp2516,P4625,ICT--POINT,NO,ict_sym_3.smb
975,sht4.cmp4779,P4628,ICT--POINT,NO,ict_sym_3.smb
976,sht18.cmp43,P4820,ICT--POINT,NO,ict_sym_3.smb
977,sht18.cmp46,P4821,ICT--POINT,NO,ict_sym_3.smb
978,sht18.cmp36,P4822,ICT--POINT,NO,ict_sym_3.smb
979,sht18.cmp15,P4824,ICT--POINT,NO,ict_sym_3.smb
980,sht18.cmp38,P4826,ICT--POINT,NO,ict_sym_3.smb
981,sht18.cmp13,P4827,ICT--POINT,NO,ict_sym_3.smb
982,sht18.cmp51,P4828,ICT--POINT,NO,ict_sym_3.smb
983,sht18.cmp14,P4829,ICT--POINT,NO,ict_sym_3.smb
984,sht10.cmp5389/sht1.cmp2353,P5000,ICT--POINT,NO,ict_sym_3.smb
985,sht10.cmp5389/sht1.cmp2157,P5001,ICT--POINT,NO,ict_sym_3.smb
986,sht10.cmp5389/sht1.cmp3561,P5002,ICT--POINT,,ict_sym_3.smb
987,sht10.cmp5389/sht1.cmp2531,P5003,ICT--POINT,NO,ict_sym_3.smb
988,sht10.cmp5389/sht1.cmp2088,P5004,ICT--POINT,NO,ict_sym_3.smb
989,sht10.cmp5389/sht1.cmp3277,P5005,ICT--POINT,NO,ict_sym_3.smb
990,sht10.cmp5389/sht1.cmp3276,P5006,ICT--POINT,NO,ict_sym_3.smb
991,sht10.cmp5389/sht1.cmp2054,P5007,ICT--POINT,NO,ict_sym_3.smb
992,sht10.cmp5389/sht1.cmp3562,P5008,ICT--POINT,,ict_sym_3.smb
993,sht10.cmp5389/sht1.cmp3280,P5009,ICT--POINT,NO,ict_sym_3.smb
994,sht10.cmp5389/sht1.cmp3282,P5010,ICT--POINT,NO,ict_sym_3.smb
995,sht10.cmp5389/sht1.cmp3283,P5011,ICT--POINT,NO,ict_sym_3.smb
996,sht10.cmp5389/sht1.cmp3284,P5012,ICT--POINT,NO,ict_sym_3.smb
997,sht10.cmp5389/sht1.cmp3285,P5013,ICT--POINT,NO,ict_sym_3.smb
998,sht10.cmp5389/sht1.cmp3482,P5014,ICT--POINT,NO,ict_sym_3.smb
999,sht10.cmp5389/sht2.cmp3668,P5015,ICT--POINT,,ict_sym_3.smb
1000,sht10.cmp5389/sht1.cmp3563,P5016,ICT--POINT,,ict_sym_3.smb
1001,sht10.cmp5389/sht1.cmp3275,P5034,ICT--POINT,NO,ict_sym_3.smb
1002,sht10.cmp5389/sht1.cmp3273,P5035,ICT--POINT,NO,ict_sym_3.smb
1003,sht10.cmp5389/sht1.cmp3274,P5036,ICT--POINT,NO,ict_sym_3.smb
1004,sht10.cmp5389/sht1.cmp3244,P5080,ICT--POINT,NO,ict_sym_3.smb
1005,sht10.cmp5389/sht1.cmp3384,P5090,ICT--POINT,NO,ict_sym_3.smb
1006,sht10.cmp5389/sht1.cmp3386,P5091,ICT--POINT,NO,ict_sym_3.smb
1007,sht10.cmp5389/sht1.cmp3377,P5092,ICT--POINT,NO,ict_sym_3.smb
1008,sht10.cmp5389/sht2.cmp3641,P5120,ICT--POINT,NO,ict_sym_3.smb
1009,sht10.cmp5389/sht2.cmp3301,P5121,ICT--POINT,NO,ict_sym_3.smb
1010,sht10.cmp5389/sht2.cmp3317,P5122,ICT--POINT,NO,ict_sym_3.smb
1011,sht10.cmp5389/sht2.cmp3309,P5123,ICT--POINT,NO,ict_sym_3.smb
1012,sht10.cmp5389/sht2.cmp3326,P5124,ICT--POINT,NO,ict_sym_3.smb
1013,sht10.cmp5389/sht2.cmp3655,P5125,ICT--POINT,NO,ict_sym_3.smb
1014,sht10.cmp5389/sht2.cmp3335,P5126,ICT--POINT,NO,ict_sym_3.smb
1015,sht10.cmp5389/sht2.cmp3315,P5127,ICT--POINT,NO,ict_sym_3.smb
1016,sht10.cmp5389/sht2.cmp3307,P5128,ICT--POINT,NO,ict_sym_3.smb
1017,sht10.cmp5389/sht2.cmp3363,P5129,ICT--POINT,NO,ict_sym_3.smb
1018,sht10.cmp5389/sht2.cmp3364,P5130,ICT--POINT,NO,ict_sym_3.smb
1019,sht10.cmp5389/sht2.cmp3365,P5131,ICT--POINT,NO,ict_sym_3.smb
1020,sht10.cmp5389/sht2.cmp3659,P5133,ICT--POINT,NO,ict_sym_3.smb
1021,sht10.cmp5389/sht2.cmp3401,P5155,ICT--POINT,NO,ict_sym_3.smb
1022,sht3.cmp313,P5660,ICT--POINT,NO,ict_sym_3.smb
1023,sht3.cmp329,P5661,ICT--POINT,NO,ict_sym_3.smb
1024,sht3.cmp270,P5662,ICT--POINT,NO,ict_sym_3.smb
1025,sht3.cmp279,P5663,ICT--POINT,NO,ict_sym_3.smb
1026,sht3.cmp310,P5664,ICT--POINT,NO,ict_sym_3.smb
1027,sht3.cmp277,P5665,ICT--POINT,NO,ict_sym_3.smb
1028,sht3.cmp295,P5666,ICT--POINT,NO,ict_sym_3.smb
1029,sht3.cmp309,P5667,ICT--POINT,NO,ict_sym_3.smb
1030,sht3.cmp307,P5668,ICT--POINT,NO,ict_sym_3.smb
1031,sht3.cmp305,P5669,ICT--POINT,NO,ict_sym_3.smb
1032,sht3.cmp287,P5670,ICT--POINT,NO,ict_sym_3.smb
1033,sht3.cmp274,P5671,ICT--POINT,NO,ict_sym_3.smb
1034,sht3.cmp290,P5672,ICT--POINT,NO,ict_sym_3.smb
1035,sht3.cmp317,P5674,ICT--POINT,NO,ict_sym_3.smb
1036,sht3.cmp314,P5675,ICT--POINT,NO,ict_sym_3.smb
1037,sht11.cmp3944,P6112,ICT--POINT,NO,ict_sym_3.smb
1038,sht11.cmp3938,P6113,ICT--POINT,NO,ict_sym_3.smb
1039,sht11.cmp3953,P6114,ICT--POINT,NO,ict_sym_3.smb
1040,sht11.cmp3936,P6115,ICT--POINT,NO,ict_sym_3.smb
1041,sht11.cmp3957,P6116,ICT--POINT,NO,ict_sym_3.smb
1042,sht11.cmp3947,P6117,ICT--POINT,NO,ict_sym_3.smb
1043,sht11.cmp3971,P6122,ICT--POINT,NO,ict_sym_3.smb
1044,sht11.cmp3965,P6123,ICT--POINT,NO,ict_sym_3.smb
1045,sht11.cmp3980,P6124,ICT--POINT,NO,ict_sym_3.smb
1046,sht11.cmp3963,P6125,ICT--POINT,NO,ict_sym_3.smb
1047,sht11.cmp3984,P6126,ICT--POINT,NO,ict_sym_3.smb
1048,sht11.cmp3974,P6127,ICT--POINT,NO,ict_sym_3.smb
1049,sht11.cmp3996,P6132,ICT--POINT,NO,ict_sym_3.smb
1050,sht11.cmp3990,P6133,ICT--POINT,NO,ict_sym_3.smb
1051,sht11.cmp4005,P6134,ICT--POINT,NO,ict_sym_3.smb
1052,sht11.cmp3988,P6135,ICT--POINT,NO,ict_sym_3.smb
1053,sht11.cmp4009,P6136,ICT--POINT,NO,ict_sym_3.smb
1054,sht11.cmp3999,P6137,ICT--POINT,NO,ict_sym_3.smb
1055,sht16.cmp3255,P6144,ICT--POINT,NO,ict_sym_3.smb
1056,sht16.cmp3236,P6145,ICT--POINT,NO,ict_sym_3.smb
1057,sht16.cmp3253,P6146,ICT--POINT,NO,ict_sym_3.smb
1058,sht16.cmp3241,P6147,ICT--POINT,NO,ict_sym_3.smb
1059,sht16.cmp3299,P6154,ICT--POINT,NO,ict_sym_3.smb
1060,sht16.cmp3286,P6155,ICT--POINT,NO,ict_sym_3.smb
1061,sht16.cmp3293,P6156,ICT--POINT,NO,ict_sym_3.smb
1062,sht16.cmp3291,P6157,ICT--POINT,NO,ict_sym_3.smb
1063,sht16.cmp3383,P6164,ICT--POINT,NO,ict_sym_3.smb
1064,sht16.cmp3380,P6165,ICT--POINT,NO,ict_sym_3.smb
1065,sht16.cmp3399,P6166,ICT--POINT,NO,ict_sym_3.smb
1066,sht16.cmp3385,P6167,ICT--POINT,NO,ict_sym_3.smb
1067,sht17.cmp8454,P6174,ICT--POINT,NO,ict_sym_3.smb
1068,sht17.cmp8453,P6175,ICT--POINT,NO,ict_sym_3.smb
1069,sht17.cmp8449,P6176,ICT--POINT,NO,ict_sym_3.smb
1070,sht17.cmp8447,P6177,ICT--POINT,NO,ict_sym_3.smb
1071,sht17.cmp8504,P6184,ICT--POINT,NO,ict_sym_3.smb
1072,sht17.cmp8498,P6185,ICT--POINT,NO,ict_sym_3.smb
1073,sht17.cmp8511,P6186,ICT--POINT,NO,ict_sym_3.smb
1074,sht17.cmp8516,P6194,ICT--POINT,NO,ict_sym_3.smb
1075,sht17.cmp8514,P6195,ICT--POINT,NO,ict_sym_3.smb
1076,sht17.cmp8524,P6196,ICT--POINT,NO,ict_sym_3.smb
1077,sht17.cmp8538,P6204,ICT--POINT,NO,ict_sym_3.smb
1078,sht17.cmp8542,P6205,ICT--POINT,NO,ict_sym_3.smb
1079,sht17.cmp8540,P6207,ICT--POINT,NO,ict_sym_3.smb
1080,sht17.cmp8579,P6214,ICT--POINT,NO,ict_sym_3.smb
1081,sht17.cmp8588,P6215,ICT--POINT,NO,ict_sym_3.smb
1082,sht17.cmp8535,P6216,ICT--POINT,NO,ict_sym_3.smb
1083,sht17.cmp8575,P6217,ICT--POINT,NO,ict_sym_3.smb
1084,sht17.cmp8576,P6226,ICT--POINT,NO,ict_sym_3.smb
1085,sht11.cmp4044,P7000,ICT--POINT,NO,ict_sym_3.smb
1086,sht11.cmp3877,P7001,ICT--POINT,NO,ict_sym_3.smb
1087,sht11.cmp3898,P7002,ICT--POINT,NO,ict_sym_3.smb
1088,sht16.cmp3577,P7009,ICT--POINT,NO,ict_sym_3.smb
1089,sht16.cmp3578,P7010,ICT--POINT,NO,ict_sym_3.smb
1090,sht16.cmp3579,P7011,ICT--POINT,NO,ict_sym_3.smb
1091,sht16.cmp3580,P7012,ICT--POINT,NO,ict_sym_3.smb
1092,sht11.cmp3328,P7013,ICT--POINT,NO,ict_sym_3.smb
1093,sht11.cmp3488,P7030,ICT--POINT,NO,ict_sym_3.smb
1094,sht11.cmp3902,P7031,ICT--POINT,NO,ict_sym_3.smb
1095,sht11.cmp3445,P7032,ICT--POINT,NO,ict_sym_3.smb
1096,sht11.cmp3337,P7033,ICT--POINT,NO,ict_sym_3.smb
1097,sht11.cmp3456,P7034,ICT--POINT,NO,ict_sym_3.smb
1098,sht12.cmp57,P7043,ICT--POINT,NO,ict_sym_3.smb
1099,sht12.cmp95,P7044,ICT--POINT,NO,ict_sym_3.smb
1100,sht12.cmp15,P7045,ICT--POINT,NO,ict_sym_3.smb
1101,sht12.cmp8,P7046,ICT--POINT,NO,ict_sym_3.smb
1102,sht12.cmp77,P7047,ICT--POINT,NO,ict_sym_3.smb
1103,sht11.cmp4013,P7057,ICT--POINT,NO,ict_sym_3.smb
1104,sht11.cmp4012,P7058,ICT--POINT,NO,ict_sym_3.smb
1105,sht12.cmp25,P7059,ICT--POINT,NO,ict_sym_3.smb
1106,sht11.cmp3551,P7084,ICT--POINT,NO,ict_sym_3.smb
1107,sht11.cmp3519,P7085,ICT--POINT,NO,ict_sym_3.smb
1108,sht11.cmp3537,P7086,ICT--POINT,NO,ict_sym_3.smb
1109,sht11.cmp3554,P7087,ICT--POINT,NO,ict_sym_3.smb
1110,sht12.cmp72,P7161,ICT--POINT,NO,ict_sym_3.smb
1111,sht12.cmp37,P7162,ICT--POINT,NO,ict_sym_3.smb
1112,sht12.cmp31,P7163,ICT--POINT,NO,ict_sym_3.smb
1113,sht12.cmp47,P7165,ICT--POINT,NO,ict_sym_3.smb
1114,sht12.cmp13,P7166,ICT--POINT,NO,ict_sym_3.smb
1115,sht12.cmp75,P7167,ICT--POINT,NO,ict_sym_3.smb
1116,sht12.cmp67,P7171,ICT--POINT,NO,ict_sym_3.smb
1117,sht12.cmp83,P7172,ICT--POINT,NO,ict_sym_3.smb
1118,sht12.cmp27,P7173,ICT--POINT,NO,ict_sym_3.smb
1119,sht12.cmp91,P7175,ICT--POINT,NO,ict_sym_3.smb
1120,sht12.cmp66,P7176,ICT--POINT,NO,ict_sym_3.smb
1121,sht12.cmp38,P7177,ICT--POINT,NO,ict_sym_3.smb
1122,sht12.cmp76,P7181,ICT--POINT,NO,ict_sym_3.smb
1123,sht12.cmp60,P7182,ICT--POINT,NO,ict_sym_3.smb
1124,sht12.cmp55,P7183,ICT--POINT,NO,ict_sym_3.smb
1125,sht12.cmp98,P7185,ICT--POINT,NO,ict_sym_3.smb
1126,sht12.cmp84,P7186,ICT--POINT,NO,ict_sym_3.smb
1127,sht12.cmp87,P7187,ICT--POINT,NO,ict_sym_3.smb
1128,sht12.cmp127,P7191,ICT--POINT,NO,ict_sym_3.smb
1129,sht12.cmp141,P7192,ICT--POINT,NO,ict_sym_3.smb
1130,sht12.cmp160,P7193,ICT--POINT,NO,ict_sym_3.smb
1131,sht12.cmp142,P7195,ICT--POINT,NO,ict_sym_3.smb
1132,sht12.cmp137,P7196,ICT--POINT,NO,ict_sym_3.smb
1133,sht12.cmp147,P7197,ICT--POINT,NO,ict_sym_3.smb
1134,sht12.cmp194,P7201,ICT--POINT,NO,ict_sym_3.smb
1135,sht12.cmp197,P7202,ICT--POINT,NO,ict_sym_3.smb
1136,sht12.cmp178,P7204,ICT--POINT,NO,ict_sym_3.smb
1137,sht12.cmp172,P7205,ICT--POINT,NO,ict_sym_3.smb
1138,sht12.cmp171,P7206,ICT--POINT,NO,ict_sym_3.smb
1139,sht12.cmp184,P7207,ICT--POINT,NO,ict_sym_3.smb
1140,sht14.cmp3427,P7211,ICT--POINT,NO,ict_sym_3.smb
1141,sht14.cmp3426,P7212,ICT--POINT,NO,ict_sym_3.smb
1142,sht14.cmp3439,P7214,ICT--POINT,NO,ict_sym_3.smb
1143,sht14.cmp3441,P7215,ICT--POINT,NO,ict_sym_3.smb
1144,sht14.cmp3415,P7216,ICT--POINT,NO,ict_sym_3.smb
1145,sht14.cmp3438,P7217,ICT--POINT,NO,ict_sym_3.smb
1146,sht14.cmp3531,P7241,ICT--POINT,NO,ict_sym_3.smb
1147,sht14.cmp3509,P7242,ICT--POINT,NO,ict_sym_3.smb
1148,sht14.cmp3510,P7244,ICT--POINT,NO,ict_sym_3.smb
1149,sht14.cmp3530,P7245,ICT--POINT,NO,ict_sym_3.smb
1150,sht14.cmp3513,P7246,ICT--POINT,NO,ict_sym_3.smb
1151,sht14.cmp3511,P7247,ICT--POINT,NO,ict_sym_3.smb
1152,sht14.cmp3560,P7251,ICT--POINT,NO,ict_sym_3.smb
1153,sht14.cmp3550,P7252,ICT--POINT,NO,ict_sym_3.smb
1154,sht14.cmp3544,P7254,ICT--POINT,NO,ict_sym_3.smb
1155,sht14.cmp3552,P7255,ICT--POINT,NO,ict_sym_3.smb
1156,sht14.cmp3555,P7256,ICT--POINT,NO,ict_sym_3.smb
1157,sht14.cmp3545,P7257,ICT--POINT,NO,ict_sym_3.smb
1158,sht14.cmp3861,P7261,ICT--POINT,NO,ict_sym_3.smb
1159,sht14.cmp3866,P7262,ICT--POINT,NO,ict_sym_3.smb
1160,sht14.cmp3854,P7264,ICT--POINT,NO,ict_sym_3.smb
1161,sht14.cmp3858,P7265,ICT--POINT,NO,ict_sym_3.smb
1162,sht14.cmp3865,P7266,ICT--POINT,NO,ict_sym_3.smb
1163,sht14.cmp3872,P7267,ICT--POINT,NO,ict_sym_3.smb
1164,sht14.cmp3890,P7271,ICT--POINT,NO,ict_sym_3.smb
1165,sht14.cmp3898,P7272,ICT--POINT,NO,ict_sym_3.smb
1166,sht14.cmp3894,P7274,ICT--POINT,NO,ict_sym_3.smb
1167,sht14.cmp3904,P7275,ICT--POINT,NO,ict_sym_3.smb
1168,sht14.cmp3915,P7276,ICT--POINT,NO,ict_sym_3.smb
1169,sht14.cmp3918,P7277,ICT--POINT,NO,ict_sym_3.smb
1170,sht16.cmp3125,P7410,ICT--POINT,NO,ict_sym_3.smb
1171,sht16.cmp3127,P7411,ICT--POINT,NO,ict_sym_3.smb
1172,sht16.cmp3140,P7412,ICT--POINT,NO,ict_sym_3.smb
1173,sht16.cmp3144,P7413,ICT--POINT,NO,ict_sym_3.smb
1174,sht16.cmp3134,P7414,ICT--POINT,NO,ict_sym_3.smb
1175,sht16.cmp3136,P7415,ICT--POINT,NO,ict_sym_3.smb
1176,sht16.cmp3129,P7416,ICT--POINT,NO,ict_sym_3.smb
1177,sht16.cmp3173,P7420,ICT--POINT,NO,ict_sym_3.smb
1178,sht16.cmp3150,P7421,ICT--POINT,NO,ict_sym_3.smb
1179,sht16.cmp3166,P7422,ICT--POINT,NO,ict_sym_3.smb
1180,sht16.cmp3159,P7423,ICT--POINT,NO,ict_sym_3.smb
1181,sht16.cmp3152,P7424,ICT--POINT,NO,ict_sym_3.smb
1182,sht16.cmp3168,P7425,ICT--POINT,NO,ict_sym_3.smb
1183,sht16.cmp3151,P7426,ICT--POINT,NO,ict_sym_3.smb
1184,sht16.cmp3384,P7430,ICT--POINT,NO,ict_sym_3.smb
1185,sht16.cmp3394,P7431,ICT--POINT,NO,ict_sym_3.smb
1186,sht16.cmp3362,P7432,ICT--POINT,NO,ict_sym_3.smb
1187,sht16.cmp3354,P7433,ICT--POINT,NO,ict_sym_3.smb
1188,sht16.cmp3365,P7434,ICT--POINT,NO,ict_sym_3.smb
1189,sht16.cmp3388,P7435,ICT--POINT,NO,ict_sym_3.smb
1190,sht16.cmp3392,P7436,ICT--POINT,NO,ict_sym_3.smb
1191,sht17.cmp8363,P7440,ICT--POINT,NO,ict_sym_3.smb
1192,sht17.cmp8367,P7441,ICT--POINT,NO,ict_sym_3.smb
1193,sht17.cmp8368,P7442,ICT--POINT,NO,ict_sym_3.smb
1194,sht17.cmp8359,P7443,ICT--POINT,NO,ict_sym_3.smb
1195,sht17.cmp8372,P7444,ICT--POINT,NO,ict_sym_3.smb
1196,sht17.cmp8365,P7445,ICT--POINT,NO,ict_sym_3.smb
1197,sht17.cmp8369,P7446,ICT--POINT,NO,ict_sym_3.smb
1198,sht17.cmp8122,P7453,ICT--POINT,NO,ict_sym_3.smb
1199,sht17.cmp8124,P7454,ICT--POINT,NO,ict_sym_3.smb
1200,sht17.cmp8110,P7455,ICT--POINT,NO,ict_sym_3.smb
1201,sht17.cmp8118,P7457,ICT--POINT,NO,ict_sym_3.smb
1202,sht17.cmp8132,P7458,ICT--POINT,NO,ict_sym_3.smb
1203,sht17.cmp8116,P7459,ICT--POINT,NO,ict_sym_3.smb
1204,sht17.cmp8213,P7463,ICT--POINT,NO,ict_sym_3.smb
1205,sht17.cmp8214,P7464,ICT--POINT,NO,ict_sym_3.smb
1206,sht17.cmp8218,P7465,ICT--POINT,NO,ict_sym_3.smb
1207,sht17.cmp8223,P7467,ICT--POINT,NO,ict_sym_3.smb
1208,sht17.cmp8228,P7468,ICT--POINT,NO,ict_sym_3.smb
1209,sht17.cmp8220,P7469,ICT--POINT,NO,ict_sym_3.smb
1210,sht17.cmp8382,P7470,ICT--POINT,NO,ict_sym_3.smb
1211,sht17.cmp8385,P7471,ICT--POINT,NO,ict_sym_3.smb
1212,sht17.cmp8380,P7472,ICT--POINT,NO,ict_sym_3.smb
1213,sht17.cmp8384,P7473,ICT--POINT,NO,ict_sym_3.smb
1214,sht17.cmp8393,P7474,ICT--POINT,NO,ict_sym_3.smb
1215,sht17.cmp8392,P7475,ICT--POINT,NO,ict_sym_3.smb
1216,sht17.cmp8388,P7476,ICT--POINT,NO,ict_sym_3.smb
1217,sht17.cmp8403,P7480,ICT--POINT,NO,ict_sym_3.smb
1218,sht17.cmp8406,P7481,ICT--POINT,NO,ict_sym_3.smb
1219,sht17.cmp8401,P7482,ICT--POINT,NO,ict_sym_3.smb
1220,sht17.cmp8405,P7483,ICT--POINT,NO,ict_sym_3.smb
1221,sht17.cmp8414,P7484,ICT--POINT,NO,ict_sym_3.smb
1222,sht17.cmp8413,P7485,ICT--POINT,NO,ict_sym_3.smb
1223,sht17.cmp8409,P7486,ICT--POINT,NO,ict_sym_3.smb
1224,sht12.cmp117,P7602,ICT--POINT,NO,ict_sym_3.smb
1225,sht12.cmp115,P7603,ICT--POINT,NO,ict_sym_3.smb
1226,sht12.cmp159,P7612,ICT--POINT,NO,ict_sym_3.smb
1227,sht12.cmp140,P7613,ICT--POINT,NO,ict_sym_3.smb
1228,sht12.cmp177,P7622,ICT--POINT,NO,ict_sym_3.smb
1229,sht12.cmp180,P7623,ICT--POINT,NO,ict_sym_3.smb
1230,sht14.cmp3734,P7632,ICT--POINT,NO,ict_sym_3.smb
1231,sht14.cmp3737,P7633,ICT--POINT,NO,ict_sym_3.smb
1232,sht14.cmp3884,P7642,ICT--POINT,NO,ict_sym_3.smb
1233,sht14.cmp3880,P7643,ICT--POINT,NO,ict_sym_3.smb
1234,sht14.cmp3897,P7652,ICT--POINT,NO,ict_sym_3.smb
1235,sht14.cmp3919,P7653,ICT--POINT,NO,ict_sym_3.smb
1236,sht16.cmp3306,P7662,ICT--POINT,NO,ict_sym_3.smb
1237,sht16.cmp3310,P7663,ICT--POINT,NO,ict_sym_3.smb
1238,sht16.cmp3336,P7672,ICT--POINT,NO,ict_sym_3.smb
1239,sht16.cmp3340,P7673,ICT--POINT,NO,ict_sym_3.smb
1240,sht16.cmp3391,P7683,ICT--POINT,NO,ict_sym_3.smb
1241,sht17.cmp8458,P7693,ICT--POINT,NO,ict_sym_3.smb
1242,sht17.cmp8551,P7703,ICT--POINT,NO,ict_sym_3.smb
1243,sht17.cmp8565,P7713,ICT--POINT,NO,ict_sym_3.smb
1244,sht16.cmp3377,P7782,ICT--POINT,NO,ict_sym_3.smb
1245,sht17.cmp8457,P7792,ICT--POINT,NO,ict_sym_3.smb
1246,sht17.cmp8557,P7802,ICT--POINT,NO,ict_sym_3.smb
1247,sht17.cmp8570,P7812,ICT--POINT,NO,ict_sym_3.smb
1248,sht15.cmp2539,P8100,ICT--POINT,NO,ict_sym_3.smb
1249,sht15.cmp2538,P8101,ICT--POINT,NO,ict_sym_3.smb
1250,sht15.cmp2536,P8102,ICT--POINT,NO,ict_sym_3.smb
1251,sht15.cmp2531,P8104,ICT--POINT,NO,ict_sym_3.smb
1252,sht15.cmp2535,P8105,ICT--POINT,NO,ict_sym_3.smb
1253,sht15.cmp2532,P8111,ICT--POINT,NO,ict_sym_3.smb
1254,sht15.cmp2533,P8112,ICT--POINT,NO,ict_sym_3.smb
1255,sht15.cmp2534,P8114,ICT--POINT,NO,ict_sym_3.smb
1256,sht15.cmp2529,P8115,ICT--POINT,NO,ict_sym_3.smb
1257,sht15.cmp2519,P8121,ICT--POINT,NO,ict_sym_3.smb
1258,sht15.cmp2521,P8122,ICT--POINT,NO,ict_sym_3.smb
1259,sht15.cmp2527,P8124,ICT--POINT,NO,ict_sym_3.smb
1260,sht15.cmp2525,P8125,ICT--POINT,NO,ict_sym_3.smb
1261,sht15.cmp2522,P8131,ICT--POINT,NO,ict_sym_3.smb
1262,sht15.cmp2528,P8132,ICT--POINT,NO,ict_sym_3.smb
1263,sht15.cmp2520,P8134,ICT--POINT,NO,ict_sym_3.smb
1264,sht15.cmp2524,P8135,ICT--POINT,NO,ict_sym_3.smb
1265,sht15.cmp2518,P8141,ICT--POINT,NO,ict_sym_3.smb
1266,sht15.cmp2510,P8142,ICT--POINT,NO,ict_sym_3.smb
1267,sht15.cmp2515,P8144,ICT--POINT,NO,ict_sym_3.smb
1268,sht15.cmp2513,P8145,ICT--POINT,NO,ict_sym_3.smb
1269,sht15.cmp2514,P8154,ICT--POINT,NO,ict_sym_3.smb
1270,sht15.cmp2516,P8155,ICT--POINT,NO,ict_sym_3.smb
1271,sht10.cmp5389/sht1.cmp3535,Q5000,1267369255,NO,q_sym_1.smb
1272,sht1.cmp201,R0001,1267362122,NO,r_sym_1.smb
1273,sht1.cmp194,R0002,1267362122,NO,r_sym_1.smb
1274,sht1.cmp182,R0003,1267362122,NO,r_sym_1.smb
1275,sht1.cmp109,R0004,1267362122,NO,r_sym_1.smb
1276,sht1.cmp44,R0005,1267362122,NO,r_sym_1.smb
1277,sht1.cmp272,R0006,1267362122,NO,r_sym_1.smb
1278,sht1.cmp2061,R0007,1267362198,NO,r_sym_1.smb
1279,sht1.cmp2063,R0008,1267362198,NO,r_sym_1.smb
1280,sht1.cmp2070,R0009,1267362122,NO,r_sym_1.smb
1281,sht1.cmp2067,R0010,1267362198,NO,r_sym_1.smb
1282,sht9.cmp644,R0113,1267362122,YES,r_sym_1.smb
1283,sht4.cmp4787,R0225,1267377475,YES,var_sym_1.smb
1284,sht4.cmp4823,R0327,1267377475,YES,var_sym_1.smb
1285,sht9.cmp664,R1100,1267362128,NO,r_sym_1.smb
1286,sht9.cmp631,R1101,1267361540,NO,r_sym_1.smb
1287,sht9.cmp636,R1102,1267362127,NO,r_sym_1.smb
1288,sht9.cmp639,R1103,1267362127,NO,r_sym_1.smb
1289,sht9.cmp656,R1104,1267362130,NO,r_sym_1.smb
1290,sht9.cmp626,R1105,1267362129,NO,r_sym_1.smb
1291,sht9.cmp634,R1106,1267361535,NO,r_sym_1.smb
1292,sht9.cmp625,R1107,1267361536,YES,r_sym_1.smb
1293,sht9.cmp643,R1108,1267362741,YES,r_sym_1.smb
1294,sht9.cmp640,R1110,1267361573,NO,r_sym_1.smb
1295,sht9.cmp667,R1111,1267362715,NO,r_sym_1.smb
1296,sht6.cmp2358,R1200,1267362130,NO,r_sym_1.smb
1297,sht6.cmp2454,R1201,1267360844,NO,r_sym_1.smb
1298,sht6.cmp2362,R1202,1267362131,YES,r_sym_1.smb
1299,sht6.cmp2369,R1210,1267362130,NO,r_sym_1.smb
1300,sht6.cmp2456,R1211,1267362131,NO,r_sym_1.smb
1301,sht6.cmp2373,R1212,1267360844,YES,r_sym_1.smb
1302,sht6.cmp2380,R1220,1267362130,NO,r_sym_1.smb
1303,sht6.cmp2457,R1221,1267360844,NO,r_sym_1.smb
1304,sht6.cmp2384,R1222,1267360844,YES,r_sym_1.smb
1305,sht6.cmp2757,R1223,1267362741,YES,r_sym_1.smb
1306,sht6.cmp2756,R1224,1267362131,YES,r_sym_1.smb
1307,sht6.cmp2413,R1230,1267362130,NO,r_sym_1.smb
1308,sht6.cmp2463,R1231,1267360844,NO,r_sym_1.smb
1309,sht6.cmp2417,R1232,1267362131,YES,r_sym_1.smb
1310,sht6.cmp2424,R1240,1267362130,NO,r_sym_1.smb
1311,sht6.cmp2465,R1241,1267360844,NO,r_sym_1.smb
1312,sht6.cmp2428,R1242,1267362131,YES,r_sym_1.smb
1313,sht6.cmp2435,R1250,1267362130,NO,r_sym_1.smb
1314,sht6.cmp2468,R1251,1267360844,NO,r_sym_1.smb
1315,sht6.cmp2439,R1252,1267362131,YES,r_sym_1.smb
1316,sht6.cmp2497,R1260,1267362130,NO,r_sym_1.smb
1317,sht6.cmp2472,R1261,1267362131,NO,r_sym_1.smb
1318,sht6.cmp2486,R1262,1267362131,YES,r_sym_1.smb
1319,sht6.cmp2479,R1270,1267362130,NO,r_sym_1.smb
1320,sht6.cmp2484,R1271,1267362129,NO,r_sym_1.smb
1321,sht6.cmp2469,R1272,1267362131,YES,r_sym_1.smb
1322,sht6.cmp2668,R1280,1267362130,NO,r_sym_1.smb
1323,sht6.cmp2677,R1281,1267360899,NO,r_sym_1.smb
1324,sht6.cmp2645,R1282,1267360844,YES,r_sym_1.smb
1325,sht6.cmp2766,R1283,1267362741,YES,r_sym_1.smb
1326,sht6.cmp2765,R1284,1267362131,YES,r_sym_1.smb
1327,sht6.cmp2653,R1290,1267362130,NO,r_sym_1.smb
1328,sht6.cmp2658,R1291,1267362131,NO,r_sym_1.smb
1329,sht6.cmp2678,R1292,1267360899,YES,r_sym_1.smb
1330,sht6.cmp2634,R1300,1267362130,NO,r_sym_1.smb
1331,sht6.cmp2616,R1301,1267362131,NO,r_sym_1.smb
1332,sht6.cmp2659,R1302,1267360899,YES,r_sym_1.smb
1333,sht6.cmp2664,R1310,1267362130,NO,r_sym_1.smb
1334,sht6.cmp2684,R1311,1267368019,NO,r_sym_1.smb
1335,sht6.cmp2636,R1312,1267360899,YES,r_sym_1.smb
1336,sht6.cmp2624,R1313,1267362741,NO,r_sym_1.smb
1337,sht6.cmp2679,R1320,1267362129,NO,r_sym_1.smb
1338,sht6.cmp2671,R1321,1267368019,YES,r_sym_1.smb
1339,sht6.cmp2655,R1322,1267360899,NO,r_sym_1.smb
1340,sht6.cmp2614,R1323,1267362741,YES,r_sym_1.smb
1341,sht6.cmp2701,R1330,1267362129,NO,r_sym_1.smb
1342,sht6.cmp2704,R1331,1267368019,YES,r_sym_1.smb
1343,sht6.cmp2702,R1332,1267360899,NO,r_sym_1.smb
1344,sht6.cmp2709,R1333,1267362741,YES,r_sym_1.smb
1345,sht6.cmp2779,R1335,1267362130,NO,r_sym_1.smb
1346,sht6.cmp2778,R1336,1267360844,NO,r_sym_1.smb
1347,sht6.cmp2772,R1337,1267360844,YES,r_sym_1.smb
1348,sht6.cmp2775,R1338,1267362741,YES,r_sym_1.smb
1349,sht6.cmp2773,R1339,1267362131,YES,r_sym_1.smb
1350,sht7.cmp3148,R1563,1267361535,NO,r_sym_1.smb
1351,sht7.cmp3155,R1568,1267361539,NO,r_sym_1.smb
1352,sht9.cmp332,R1800,1267368002,NO,r_sym_1.smb
1353,sht9.cmp319,R1801,1267362130,NO,r_sym_1.smb
1354,sht9.cmp341,R1805,1267362131,NO,r_sym_1.smb
1355,sht9.cmp362,R1810,1267360864,NO,r_sym_1.smb
1356,sht9.cmp363,R1811,1267362130,YES,r_sym_1.smb
1357,sht9.cmp369,R1813,1267360635,YES,r_sym_1.smb
1358,sht9.cmp345,R1815,1267362130,NO,r_sym_1.smb
1359,sht9.cmp355,R1816,1267360844,NO,r_sym_1.smb
1360,sht9.cmp352,R1817,1267360305,YES,r_sym_1.smb
1361,sht9.cmp388,R1820,1267360864,NO,r_sym_1.smb
1362,sht9.cmp377,R1821,1267362130,YES,r_sym_1.smb
1363,sht9.cmp397,R1823,1267360635,YES,r_sym_1.smb
1364,sht9.cmp374,R1825,1267362130,NO,r_sym_1.smb
1365,sht9.cmp387,R1826,1267360844,NO,r_sym_1.smb
1366,sht9.cmp390,R1827,1267360305,YES,r_sym_1.smb
1367,sht9.cmp414,R1830,1267368002,NO,r_sym_1.smb
1368,sht9.cmp402,R1831,1267362130,NO,r_sym_1.smb
1369,sht9.cmp399,R1833,1267360635,YES,r_sym_1.smb
1370,sht9.cmp405,R1835,1267362131,NO,r_sym_1.smb
1371,sht9.cmp409,R1836,1267360305,YES,r_sym_1.smb
1372,sht9.cmp420,R1837,1267360305,YES,r_sym_1.smb
1373,sht9.cmp435,R1840,1267368002,NO,r_sym_1.smb
1374,sht9.cmp441,R1841,1267362130,NO,r_sym_1.smb
1375,sht9.cmp427,R1845,1267362131,NO,r_sym_1.smb
1376,sht9.cmp570,R1850,1267360864,NO,r_sym_1.smb
1377,sht9.cmp564,R1851,1267362130,YES,r_sym_1.smb
1378,sht9.cmp560,R1853,1267360635,YES,r_sym_1.smb
1379,sht9.cmp571,R1855,1267362130,NO,r_sym_1.smb
1380,sht9.cmp569,R1856,1267360844,NO,r_sym_1.smb
1381,sht9.cmp578,R1857,1267360844,YES,r_sym_1.smb
1382,sht9.cmp603,R1860,1267360864,NO,r_sym_1.smb
1383,sht9.cmp597,R1861,1267362130,YES,r_sym_1.smb
1384,sht9.cmp588,R1863,1267360635,YES,r_sym_1.smb
1385,sht9.cmp583,R1865,1267362130,NO,r_sym_1.smb
1386,sht9.cmp600,R1866,1267360844,NO,r_sym_1.smb
1387,sht9.cmp607,R1867,1267360844,YES,r_sym_1.smb
1388,sht9.cmp464,R2000,1267362129,NO,r_sym_1.smb
1389,sht9.cmp461,R2001,1267360305,YES,r_sym_1.smb
1390,sht9.cmp466,R2002,1267360305,YES,r_sym_1.smb
1391,sht9.cmp471,R2003,1267360636,YES,r_sym_1.smb
1392,sht9.cmp463,R2004,1267362197,NO,r_sym_1.smb
1393,sht8.cmp11,R2200,1267362130,NO,r_sym_1.smb
1394,sht8.cmp8,R2201,1267368002,NO,r_sym_1.smb
1395,sht8.cmp6,R2202,1267362131,NO,r_sym_1.smb
1396,sht8.cmp441,R2210,1267362130,NO,r_sym_1.smb
1397,sht8.cmp439,R2211,1267368002,NO,r_sym_1.smb
1398,sht8.cmp446,R2212,1267362131,NO,r_sym_1.smb
1399,sht8.cmp462,R2220,1267362130,NO,r_sym_1.smb
1400,sht8.cmp458,R2221,1267368002,NO,r_sym_1.smb
1401,sht8.cmp470,R2222,1267362131,NO,r_sym_1.smb
1402,sht8.cmp485,R2230,1267362130,NO,r_sym_1.smb
1403,sht8.cmp477,R2231,1267368002,NO,r_sym_1.smb
1404,sht8.cmp487,R2232,1267362131,NO,r_sym_1.smb
1405,sht8.cmp497,R2240,1267362130,NO,r_sym_1.smb
1406,sht8.cmp512,R2241,1267368002,NO,r_sym_1.smb
1407,sht8.cmp493,R2242,1267362131,NO,r_sym_1.smb
1408,sht8.cmp519,R2250,1267362130,NO,r_sym_1.smb
1409,sht8.cmp527,R2251,1267368002,NO,r_sym_1.smb
1410,sht8.cmp523,R2252,1267362131,NO,r_sym_1.smb
1411,sht8.cmp543,R2260,1267362130,NO,r_sym_1.smb
1412,sht8.cmp545,R2261,1267368002,NO,r_sym_1.smb
1413,sht8.cmp540,R2262,1267362131,NO,r_sym_1.smb
1414,sht8.cmp555,R2270,1267362130,NO,r_sym_1.smb
1415,sht8.cmp572,R2271,1267368002,NO,r_sym_1.smb
1416,sht8.cmp556,R2272,1267362131,NO,r_sym_1.smb
1417,sht8.cmp578,R2280,1267362130,NO,r_sym_1.smb
1418,sht8.cmp576,R2281,1267368002,NO,r_sym_1.smb
1419,sht8.cmp581,R2282,1267362131,NO,r_sym_1.smb
1420,sht8.cmp622,R2290,1267362130,NO,r_sym_1.smb
1421,sht8.cmp620,R2291,1267368002,NO,r_sym_1.smb
1422,sht8.cmp623,R2292,1267362131,NO,r_sym_1.smb
1423,sht15.cmp1816,R2610,1267362129,NO,r_sym_1.smb
1424,sht15.cmp1815,R2611,1267361573,NO,r_sym_1.smb
1425,sht1.cmp1478,R3006,1267368026,YES,r_sym_1.smb
1426,sht1.cmp1320,R3010,1267362144,NO,r_sym_1.smb
1427,sht1.cmp1481,R3020,1267362302,NO,rshunt_1_sym_1.smb
1428,sht1.cmp1381,R3021,1267360857,NO,r_sym_1.smb
1429,sht1.cmp1328,R3022,1267362792,NO,r_sym_1.smb
1430,sht1.cmp1309,R3023,1267368026,YES,r_sym_1.smb
1431,sht1.cmp1368,R3024,1267368036,NO,r_sym_1.smb
1432,sht1.cmp1314,R3025,1267362792,NO,r_sym_1.smb
1433,sht1.cmp1322,R3026,1267368036,NO,r_sym_1.smb
1434,sht1.cmp1371,R3029,1267360375,NO,r_sym_1.smb
1435,sht1.cmp1339,R3030,1267362519,NO,rshunt_1_sym_1.smb
1436,sht1.cmp1327,R3031,1267362738,NO,r_sym_1.smb
1437,sht1.cmp1363,R3032,1267368036,NO,r_sym_1.smb
1438,sht1.cmp1360,R3033,1267362792,NO,r_sym_1.smb
1439,sht1.cmp1335,R3034,1267368026,YES,r_sym_1.smb
1440,sht1.cmp1305,R3041,1267360899,NO,r_sym_1.smb
1441,sht1.cmp1470,R3043,1267360860,YES,r_sym_1.smb
1442,sht1.cmp1332,R3044,1267360860,NO,r_sym_1.smb
1443,sht1.cmp1312,R3046,1267360860,YES,r_sym_1.smb
1444,sht1.cmp1343,R3080,1267360860,NO,r_sym_1.smb
1445,sht1.cmp1317,R3082,1267360860,NO,r_sym_1.smb
1446,sht2.cmp594,R3151,1267361545,NO,r_sym_1.smb
1447,sht2.cmp618,R3152,1267362732,NO,r_sym_1.smb
1448,sht2.cmp586,R3155,1267362732,NO,r_sym_1.smb
1449,sht2.cmp599,R3157,1267361545,NO,r_sym_1.smb
1450,sht3.cmp137,R3160,1267362197,YES,r_sym_1.smb
1451,sht3.cmp171,R3163,1267362730,YES,r_sym_1.smb
1452,sht3.cmp174,R3164,1267361538,NO,r_sym_1.smb
1453,sht3.cmp175,R3165,1267361538,NO,r_sym_1.smb
1454,sht3.cmp141,R3166,1267361541,YES,r_sym_1.smb
1455,sht3.cmp144,R3167,1267361541,NO,r_sym_1.smb
1456,sht3.cmp162,R3168,1267362730,YES,r_sym_1.smb
1457,sht4.cmp3560,R3170,1267360861,YES,r_sym_1.smb
1458,sht4.cmp3553,R3171,1267360861,YES,r_sym_1.smb
1459,sht3.cmp178,R3200,1267360858,YES,r_sym_1.smb
1460,sht1.cmp2018,R3430,1267368101,NO,r_sym_1.smb
1461,sht1.cmp2020,R3433,1267362140,NO,r_sym_1.smb
1462,sht7.cmp2844,R3586,1267361535,NO,r_sym_1.smb
1463,sht7.cmp2861,R3587,1267362129,NO,r_sym_1.smb
1464,sht1.cmp34,R3592,1267362130,NO,r_sym_1.smb
1465,sht4.cmp3957,R4550,1267360861,YES,r_sym_1.smb
1466,sht4.cmp3961,R4551,1267360861,YES,r_sym_1.smb
1467,sht4.cmp4277,R4560,1267360861,YES,r_sym_1.smb
1468,sht4.cmp4244,R4561,1267360861,YES,r_sym_1.smb
1469,sht4.cmp4287,R4570,1267360861,YES,r_sym_1.smb
1470,sht4.cmp4293,R4571,1267360861,YES,r_sym_1.smb
1471,sht4.cmp4331,R4580,1267360861,NO,r_sym_1.smb
1472,sht4.cmp4358,R4581,1267360861,NO,r_sym_1.smb
1473,sht4.cmp4770,R4590,1267360861,NO,r_sym_1.smb
1474,sht4.cmp4802,R4590A,1267360858,YES,r_sym_1.smb
1475,sht4.cmp4835,R4590B,1267360858,YES,r_sym_1.smb
1476,sht4.cmp4738,R4591,1267360861,NO,r_sym_1.smb
1477,sht4.cmp4783,R4595A,1267360858,NO,r_sym_1.smb
1478,sht4.cmp4818,R4595B,1267360858,NO,r_sym_1.smb
1479,sht4.cmp4874,R4600,1267368023,NO,r_sym_1.smb
1480,sht4.cmp4776,R4601,1267362122,YES,r_sym_1.smb
1481,sht4.cmp4795,R4606,1267362122,NO,r_sym_1.smb
1482,sht4.cmp4788,R4609,1267362741,YES,r_sym_1.smb
1483,sht5.cmp2458,R4610,1267360861,NO,r_sym_1.smb
1484,sht5.cmp2468,R4611,1267360861,NO,r_sym_1.smb
1485,sht4.cmp4820,R4614,1267362741,NO,r_sym_1.smb
1486,sht5.cmp2478,R4615,1267360861,NO,r_sym_1.smb
1487,sht5.cmp2481,R4616,1267360861,NO,r_sym_1.smb
1488,sht5.cmp2490,R4620,1267360861,NO,r_sym_1.smb
1489,sht5.cmp2488,R4621,1267360861,NO,r_sym_1.smb
1490,sht5.cmp2503,R4625,1267360861,NO,r_sym_1.smb
1491,sht5.cmp2505,R4626,1267360861,NO,r_sym_1.smb
1492,sht18.cmp25,R4820,1267361539,NO,r_horiz_sdsym_1.smb
1493,sht18.cmp52,R4821,1267368036,NO,r_horiz_sdsym_1.smb
1494,sht18.cmp39,R4822,1267361541,NO,r_sym_1.smb
1495,sht18.cmp6,R4824,1267362727,NO,r_sym_1.smb
1496,sht18.cmp40,R4825,1267362129,NO,r_horiz_sdsym_1.smb
1497,sht18.cmp48,R4826,1267362732,NO,r_sym_1.smb
1498,sht18.cmp44,R4827,1267368019,NO,r_sym_1.smb
1499,sht18.cmp34,R4828,1267361539,NO,r_horiz_sdsym_1.smb
1500,sht10.cmp5389/sht1.cmp2404,R5000,1267362732,NO,r_sym_1.smb
1501,sht10.cmp5389/sht1.cmp2517,R5001,1267362732,NO,r_sym_1.smb
1502,sht10.cmp5389/sht1.cmp3500,R5002,1267361546,NO,r_sym_1.smb
1503,sht10.cmp5389/sht1.cmp2216,R5003,1267362715,NO,r_sym_1.smb
1504,sht10.cmp5389/sht1.cmp2604,R5004,1267361536,NO,r_sym_1.smb
1505,sht10.cmp5389/sht1.cmp2272,R5005,1267361542,YES,r_sym_1.smb
1506,sht10.cmp5389/sht1.cmp2015,R5006,1267361542,YES,r_sym_1.smb
1507,sht10.cmp5389/sht1.cmp2542,R5007,1267362732,NO,r_sym_1.smb
1508,sht10.cmp5389/sht1.cmp3361,R5008,1267361542,YES,r_sym_1.smb
1509,sht10.cmp5389/sht1.cmp3266,R5050,1267361542,YES,r_sym_1.smb
1510,sht10.cmp5389/sht1.cmp3262,R5051,1267361542,YES,r_sym_1.smb
1511,sht10.cmp5389/sht1.cmp3241,R5080,1267361544,YES,r_sym_1.smb
1512,sht10.cmp5389/sht1.cmp3376,R5090,1267361544,YES,r_sym_1.smb
1513,sht10.cmp5389/sht1.cmp3379,R5091,1267361544,YES,r_sym_1.smb
1514,sht10.cmp5389/sht1.cmp3382,R5092,1267361544,YES,r_sym_1.smb
1515,sht10.cmp5389/sht2.cmp3320,R5122,1267361536,YES,r_sym_1.smb
1516,sht10.cmp5389/sht2.cmp3324,R5123,1267361536,YES,r_sym_1.smb
1517,sht10.cmp5389/sht2.cmp3361,R5125,1267361542,YES,r_sym_1.smb
1518,sht10.cmp5389/sht2.cmp3652,R5126,1267361536,NO,r_sym_1.smb
1519,sht10.cmp5389/sht2.cmp3657,R5127,1267361536,NO,r_sym_1.smb
1520,sht10.cmp5389/sht2.cmp3517,R5128,1267360847,YES,r_sym_1.smb
1521,sht10.cmp5389/sht1.cmp3505,R5129,1267361539,YES,r_horiz_sdsym_1.smb
1522,sht3.cmp303,R5660,1267360631,YES,r_sym_1.smb
1523,sht3.cmp286,R5661,1267360618,YES,r_sym_1.smb
1524,sht3.cmp285,R5662,1267361573,YES,r_horiz_sdsym_1.smb
1525,sht3.cmp276,R5663,1267360627,YES,r_sym_1.smb
1526,sht3.cmp316,R5664,1267361535,YES,r_horiz_sdsym_1.smb
1527,sht3.cmp275,R5665,1267361543,YES,r_sym_1.smb
1528,sht3.cmp325,R5666,1267360852,YES,r_sym_1.smb
1529,sht3.cmp327,R5668,1267361508,YES,r_sym_1.smb
1530,sht3.cmp283,R5669,1267360856,YES,r_sym_1.smb
1531,sht3.cmp311,R5670,1267361535,YES,r_sym_1.smb
1532,sht3.cmp319,R5671,1267361535,YES,r_horiz_sdsym_1.smb
1533,sht3.cmp312,R5672,1267361546,YES,r_sym_1.smb
1534,sht3.cmp322,R5673,1267361540,YES,r_sym_1.smb
1535,sht3.cmp278,R5674,1267361535,YES,r_sym_1.smb
1536,sht3.cmp297,R5675,1267361539,YES,r_horiz_sdsym_1.smb
1537,sht3.cmp291,R5676,1267360618,YES,r_sym_1.smb
1538,sht3.cmp272,R5677,1267361539,YES,r_horiz_sdsym_1.smb
1539,sht3.cmp331,R5678,1267361539,YES,r_horiz_sdsym_1.smb
1540,sht3.cmp289,R5679,1267360852,YES,r_sym_1.smb
1541,sht11.cmp3956,R6110,1267360735,NO,rshunt_1_sym_1.smb
1542,sht11.cmp3951,R6115,1267361535,NO,r_sym_1.smb
1543,sht11.cmp3935,R6118,1267361540,NO,r_sym_1.smb
1544,sht11.cmp3983,R6120,1267360735,NO,rshunt_1_sym_1.smb
1545,sht11.cmp3978,R6125,1267361535,NO,r_sym_1.smb
1546,sht11.cmp3962,R6128,1267361540,NO,r_sym_1.smb
1547,sht11.cmp4008,R6130,1267360735,NO,rshunt_1_sym_1.smb
1548,sht11.cmp4003,R6135,1267361535,NO,r_sym_1.smb
1549,sht11.cmp3987,R6138,1267361540,NO,r_sym_1.smb
1550,sht16.cmp3259,R6145,1267361535,NO,r_sym_1.smb
1551,sht16.cmp3246,R6148,1267361540,NO,r_sym_1.smb
1552,sht16.cmp3294,R6155,1267361535,NO,r_sym_1.smb
1553,sht16.cmp3302,R6158,1267361540,NO,r_sym_1.smb
1554,sht16.cmp3603,R6165,1267362724,NO,r_sym_1.smb
1555,sht16.cmp3604,R6168,1267361536,NO,r_sym_1.smb
1556,sht17.cmp8456,R6175,1267361535,NO,r_sym_1.smb
1557,sht17.cmp8455,R6178,1267361540,NO,r_sym_1.smb
1558,sht17.cmp8599,R6180,1267362733,NO,r_sym_1.smb
1559,sht17.cmp8509,R6185,1267362789,NO,r_sym_1.smb
1560,sht17.cmp8600,R6190,1267362733,YES,r_sym_1.smb
1561,sht17.cmp8520,R6195,1267362789,YES,r_sym_1.smb
1562,sht17.cmp8534,R6205,1267361535,NO,r_sym_1.smb
1563,sht17.cmp8533,R6208,1267361540,NO,r_sym_1.smb
1564,sht17.cmp8561,R6215,1267361535,NO,r_sym_1.smb
1565,sht17.cmp8586,R6218,1267361540,NO,r_sym_1.smb
1566,sht11.cmp3429,R7000,1267362726,NO,r_sym_1.smb
1567,sht11.cmp3322,R7001,1267362726,NO,r_sym_1.smb
1568,sht11.cmp3374,R7012,1267361535,YES,r_sym_1.smb
1569,sht11.cmp3392,R7013,1267361535,NO,r_sym_1.smb
1570,sht11.cmp3411,R7014,1267361535,NO,r_sym_1.smb
1571,sht11.cmp4043,R7015,1267361535,NO,r_sym_1.smb
1572,sht12.cmp89,R7160,1267362732,NO,r_sym_1.smb
1573,sht12.cmp80,R7165,1267362302,NO,rshunt_1_sym_1.smb
1574,sht12.cmp202,R7166,1267362302,NO,rshunt_1_sym_1.smb
1575,sht12.cmp33,R7170,1267362732,NO,r_sym_1.smb
1576,sht12.cmp11,R7175,1267360799,NO,rshunt_1_sym_1.smb
1577,sht12.cmp82,R7180,1267362732,NO,r_sym_1.smb
1578,sht12.cmp34,R7185,1267360799,NO,rshunt_1_sym_1.smb
1579,sht12.cmp145,R7190,1267362732,NO,r_sym_1.smb
1580,sht12.cmp129,R7195,1267362302,NO,rshunt_1_sym_1.smb
1581,sht12.cmp206,R7196,1267362302,NO,rshunt_1_sym_1.smb
1582,sht12.cmp174,R7200,1267362732,NO,r_sym_1.smb
1583,sht12.cmp189,R7205,1267362302,NO,rshunt_1_sym_1.smb
1584,sht12.cmp205,R7206,1267362302,NO,rshunt_1_sym_1.smb
1585,sht14.cmp3432,R7210,1267362732,NO,r_sym_1.smb
1586,sht14.cmp3416,R7215,1267362302,NO,rshunt_1_sym_1.smb
1587,sht14.cmp3930,R7216,1267362302,NO,rshunt_1_sym_1.smb
1588,sht14.cmp3516,R7240,1267362732,NO,r_sym_1.smb
1589,sht14.cmp3514,R7245,1267360799,NO,rshunt_1_sym_1.smb
1590,sht14.cmp3549,R7250,1267362732,NO,r_sym_1.smb
1591,sht14.cmp3533,R7255,1267362302,NO,rshunt_1_sym_1.smb
1592,sht14.cmp3933,R7256,1267362302,NO,rshunt_1_sym_1.smb
1593,sht14.cmp3874,R7260,1267362732,NO,r_sym_1.smb
1594,sht14.cmp3871,R7265,1267362302,NO,rshunt_1_sym_1.smb
1595,sht14.cmp3932,R7266,1267362302,NO,rshunt_1_sym_1.smb
1596,sht14.cmp3914,R7270,1267362732,NO,r_sym_1.smb
1597,sht14.cmp3903,R7275,1267362302,NO,rshunt_1_sym_1.smb
1598,sht14.cmp3931,R7276,1267362302,NO,rshunt_1_sym_1.smb
1599,sht16.cmp3508,R7369,1267361535,YES,r_sym_1.smb
1600,sht16.cmp3088,R7370,1267361538,NO,r_sym_1.smb
1601,sht16.cmp3062,R7372,1267361538,NO,r_sym_1.smb
1602,sht16.cmp3521,R7409,1267362732,NO,r_sym_1.smb
1603,sht16.cmp3132,R7414,1267360735,NO,rshunt_1_sym_1.smb
1604,sht16.cmp3520,R7419,1267362732,NO,r_sym_1.smb
1605,sht16.cmp3156,R7424,1267360735,NO,rshunt_1_sym_1.smb
1606,sht16.cmp3519,R7429,1267362732,NO,r_sym_1.smb
1607,sht16.cmp3371,R7434,1267360735,NO,rshunt_1_sym_1.smb
1608,sht17.cmp8375,R7439,1267362732,NO,r_sym_1.smb
1609,sht17.cmp8355,R7444,1267360735,NO,rshunt_1_sym_1.smb
1610,sht17.cmp8293,R7453,1267362732,NO,r_sym_1.smb
1611,sht17.cmp8476,R7454,8905503577,NO,rshunt_1_sym_1.smb
1612,sht17.cmp8294,R7463,1267360604,YES,r_sym_1.smb
1613,sht17.cmp8216,R7464,8905503577,YES,rshunt_1_sym_1.smb
1614,sht17.cmp8381,R7469,1267362732,NO,r_sym_1.smb
1615,sht17.cmp8389,R7474,1267360735,NO,rshunt_1_sym_1.smb
1616,sht17.cmp8402,R7479,1267362732,NO,r_sym_1.smb
1617,sht17.cmp8410,R7484,1267360735,NO,rshunt_1_sym_1.smb
1618,sht12.cmp120,R7601,1267362195,NO,r_sym_1.smb
1619,sht12.cmp118,R7605,1267368106,NO,r_sym_1.smb
1620,sht12.cmp122,R7606,1267361573,NO,r_sym_1.smb
1621,sht12.cmp119,R7607,1267362734,NO,r_sym_1.smb
1622,sht12.cmp149,R7611,1267362195,NO,r_sym_1.smb
1623,sht12.cmp154,R7615,1267368106,NO,r_sym_1.smb
1624,sht12.cmp135,R7616,1267361573,NO,r_sym_1.smb
1625,sht12.cmp151,R7617,1267362734,NO,r_sym_1.smb
1626,sht12.cmp192,R7621,1267362195,NO,r_sym_1.smb
1627,sht12.cmp169,R7625,1267368106,NO,r_sym_1.smb
1628,sht12.cmp170,R7626,1267361573,NO,r_sym_1.smb
1629,sht12.cmp176,R7627,1267362734,NO,r_sym_1.smb
1630,sht14.cmp3746,R7631,1267362195,NO,r_sym_1.smb
1631,sht14.cmp3738,R7635,1267368106,NO,r_sym_1.smb
1632,sht14.cmp3747,R7636,1267361573,NO,r_sym_1.smb
1633,sht14.cmp3733,R7637,1267362734,NO,r_sym_1.smb
1634,sht14.cmp3886,R7641,1267362195,NO,r_sym_1.smb
1635,sht14.cmp3887,R7645,1267368106,NO,r_sym_1.smb
1636,sht14.cmp3883,R7646,1267361573,NO,r_sym_1.smb
1637,sht14.cmp3879,R7647,1267362734,NO,r_sym_1.smb
1638,sht14.cmp3921,R7651,1267362195,NO,r_sym_1.smb
1639,sht14.cmp3917,R7655,1267368106,NO,r_sym_1.smb
1640,sht14.cmp3899,R7656,1267361573,NO,r_sym_1.smb
1641,sht14.cmp3906,R7657,1267362734,NO,r_sym_1.smb
1642,sht16.cmp3305,R7665,1267362196,NO,r_sym_1.smb
1643,sht16.cmp3317,R7666,1267361573,NO,r_sym_1.smb
1644,sht16.cmp3308,R7667,1267362127,NO,r_sym_1.smb
1645,sht16.cmp3335,R7675,1267362196,NO,r_sym_1.smb
1646,sht16.cmp3347,R7676,1267361573,NO,r_sym_1.smb
1647,sht16.cmp3338,R7677,1267362127,NO,r_sym_1.smb
1648,sht16.cmp3358,R7685,1267362196,NO,r_sym_1.smb
1649,sht16.cmp3406,R7686,1267361573,NO,r_sym_1.smb
1650,sht16.cmp3387,R7687,1267362127,NO,r_sym_1.smb
1651,sht17.cmp8451,R7695,1267362196,NO,r_sym_1.smb
1652,sht17.cmp8468,R7696,1267361573,NO,r_sym_1.smb
1653,sht17.cmp8471,R7697,1267362127,NO,r_sym_1.smb
1654,sht17.cmp8548,R7705,1267362196,NO,r_sym_1.smb
1655,sht17.cmp8550,R7706,1267361573,NO,r_sym_1.smb
1656,sht17.cmp8552,R7707,1267362127,NO,r_sym_1.smb
1657,sht17.cmp8581,R7715,1267362196,NO,r_sym_1.smb
1658,sht17.cmp8582,R7716,1267361573,NO,r_sym_1.smb
1659,sht17.cmp8569,R7717,1267362127,NO,r_sym_1.smb
1660,sht15.cmp2455,R8100,1267361539,NO,r_sym_1.smb
1661,sht15.cmp1714,R8101,1267361546,NO,r_sym_1.smb
1662,sht15.cmp2420,R8110,1267361539,NO,r_sym_1.smb
1663,sht15.cmp1687,R8111,1267361546,NO,r_sym_1.smb
1664,sht15.cmp2437,R8120,1267361539,NO,r_sym_1.smb
1665,sht15.cmp1638,R8121,1267361546,NO,r_sym_1.smb
1666,sht15.cmp2430,R8130,1267361539,NO,r_sym_1.smb
1667,sht15.cmp1611,R8131,1267361546,NO,r_sym_1.smb
1668,sht15.cmp2463,R8140,1267361539,NO,r_sym_1.smb
1669,sht15.cmp2053,R8141,1267361546,NO,r_sym_1.smb
1670,sht15.cmp2471,R8150,1267361539,NO,r_sym_1.smb
1671,sht15.cmp2067,R8151,1267361546,NO,r_sym_1.smb
1672,sht7.cmp3095,S1600,273300605,NO,smp581_nc_sdsym_1.smb
1673,sht1.cmp1553,S3000,272240386,NO,cy329a_tqfp64_ep_sdsym_31_1.smb
1674,sht2.cmp612,S3150,8909013680,NO,tle4251_sym_1.smb
1675,sht4.cmp4113,S4550,1267367315,NO,tja1042tk-3_sdsym_2.smb
1676,sht4.cmp4254,S4560,1267367315,NO,tja1042tk-3_sdsym_2.smb
1677,sht4.cmp4318,S4570,1267367315,NO,tja1042tk-3_sdsym_2.smb
1678,sht4.cmp4321,S4580,1267367315,NO,tja1042tk-3_sdsym_2.smb
1679,sht4.cmp4761,S4590,1267367315,NO,tja1042tk-3_sdsym_2.smb
1680,sht4.cmp4816,S4600,1267367321,YES,tlin1021adbrq1_sdsym_1.smb
1681,sht4.cmp4803,S4605,1267367321,NO,tlin1021adbrq1_sdsym_1.smb
1682,sht10.cmp5389/sht1.cmp3557,S5000,8909010955,NO,tc3xx_sdsym_1.smb
1683,sht3.cmp282,S5660,1267379778,YES,lm2903_sym_2.smb
1684,sht3.cmp296,S5661,8905504792,YES,tl431_sot23_sdsym_1.smb
1685,sht11.cmp3941,S6110,1267379613,NO,ad8203yr_sdsym_5.smb
1686,sht11.cmp3968,S6120,1267379613,NO,ad8203yr_sdsym_5.smb
1687,sht11.cmp3993,S6130,1267379613,NO,ad8203yr_sdsym_5.smb
1688,sht16.cmp3260,S6140,1267379613,NO,ad8203yr_sdsym_5.smb
1689,sht16.cmp3301,S6150,1267379613,NO,ad8203yr_sdsym_5.smb
1690,sht16.cmp3359,S6160,1267379613,NO,ad8203yr_sdsym_5.smb
1691,sht17.cmp8470,S6170,1267379613,NO,ad8203yr_sdsym_5.smb
1692,sht17.cmp8497,S6180,1267379613,NO,ad8203yr_sdsym_5.smb
1693,sht17.cmp8513,S6190,1267379613,YES,ad8203yr_sdsym_5.smb
1694,sht17.cmp8545,S6200,1267379613,NO,ad8203yr_sdsym_5.smb
1695,sht17.cmp8585,S6210,1267379613,NO,ad8203yr_sdsym_5.smb
1696,sht11.cmp3347,S7000,1267367361,NO,cj970_tqfp100_ep_sdsym_17_2.smb
1697,sht16.cmp3456,S7400,8909007178,NO,raa252012hft_sdsym_1.smb
1698,sht15.cmp2657,S8100,8909009130,NO,l9969t_tr_sdsym_1.smb
1699,sht15.cmp2658,S8120,8909009130,NO,l9969t_tr_sdsym_1.smb
1700,sht15.cmp2659,S8140,8909009130,NO,l9969t_tr_sdsym_1.smb
1701,sht2.cmp425,STP1800,C_STPDEF-2B,NO,c_stpdef_sym_9.smb
1702,sht2.cmp437,STP1810,C_STPDEF-2B,NO,c_stpdef_sym_9.smb
1703,sht2.cmp455,STP1820,C_STPDEF-2B,NO,c_stpdef_sym_9.smb
1704,sht2.cmp468,STP1830,C_STPDEF-2B,NO,c_stpdef_sym_9.smb
1705,sht1.cmp1877,STP3001,C_STPDEF-6B,NO,c_stpdef_sdsym_21_6.smb
1706,sht2.cmp296,STP3002,C_STPDEF-6B,NO,c_stpdef_sdsym_21.smb
1707,sht2.cmp244,STP3003,C_STPDEF-5B,NO,c_stpdef_sdsym_20.smb
1708,sht2.cmp306,STP3004,C_STPDEF-3B,NO,c_stpdef_sdsym_18.smb
1709,sht2.cmp307,STP3005,C_STPDEF-3B,NO,c_stpdef_sdsym_18.smb
1710,sht1.cmp1353,STP3020,C_STPDEF-2B,NO,c_stpdef_sdsym_1.smb
1711,sht1.cmp1410,STP3022,C_STPDEF-3B,NO,c_stpdef_sdsym_16.smb
1712,sht1.cmp1600,STP3023,C_STPDEF-4B,NO,c_stpdef_sdsym_11.smb
1713,sht2.cmp609,STP3151,C_STPDEF-2B,NO,c_stpdef_sym_9.smb
1714,sht1.cmp2044,STP3590,C_STPDEF-4B,NO,c_stpdef_sdsym_19.smb
1715,sht10.cmp5314,STP5000,C_STPDEF-4B,NO,c_stpdef_sdsym_19.smb
1716,sht10.cmp5389/sht1.cmp3351,STP5001,C_STPDEF-5B,NO,c_stpdef_sdsym_12.smb
1717,sht10.cmp5389/sht1.cmp3296,STP5003,C_STPDEF-3B,NO,c_stpdef_sdsym_10.smb
1718,sht10.cmp5389/sht1.cmp2330,STP5004,C_STPDEF-4B,NO,c_stpdef_sym_11.smb
1719,sht10.cmp5389/sht2.cmp3322,STP5120,C_STPDEF-3B,NO,c_stpdef_sdsym_10.smb
1720,sht10.cmp5389/sht2.cmp3591,STP5121,C_STPDEF-3B,NO,c_stpdef_sdsym_10.smb
1721,sht11.cmp3354,STP7000,C_STPDEF-2B,NO,c_stpdef_sym_9.smb
1722,sht15.cmp2620,STP8100,C_STPDEF-3B,NO,c_stpdef_sym_16.smb
1723,sht15.cmp2591,STP8101,C_STPDEF-2B,NO,c_stpdef_sym_1.smb
1724,sht15.cmp2630,STP8120,C_STPDEF-3B,NO,c_stpdef_sym_16.smb
1725,sht15.cmp2599,STP8121,C_STPDEF-2B,NO,c_stpdef_sym_1.smb
1726,sht15.cmp2640,STP8140,C_STPDEF-3B,NO,c_stpdef_sym_16.smb
1727,sht15.cmp2607,STP8141,C_STPDEF-2B,NO,c_stpdef_sym_1.smb
1728,sht9.cmp655,T1100,1267377494,NO,master_npn_sym_1.smb
1729,sht1.cmp2038,T3020,1267377219,NO,bsz088n03m_sdsym_1.smb
1730,sht1.cmp2037,T3021,1267377532,NO,buk9y30-75b_sym_1.smb
1731,sht1.cmp2071,T3030,1267377532,NO,buk9y30-75b_sym_1.smb
1732,sht1.cmp2016,T3430,1267377506,NO,master_pmos5_sdsym_1.smb
1733,sht18.cmp30,T4820,1267377052,NO,pmpb55_sdsym_1.smb
1734,sht10.cmp5389/sht2.cmp3642,T5120,1267377051,NO,pmpb100xpea_sdsym_1.smb
1735,sht10.cmp5389/sht2.cmp3644,T5122,1267377052,NO,pmpb55_sdsym_1.smb
1736,sht3.cmp284,T5660,1267377513,YES,master_npn_sym_1.smb
1737,sht3.cmp304,T5661,1267377513,YES,master_npn_sym_1.smb
1738,sht3.cmp273,T5662,1267377513,YES,master_npn_sym_1.smb
1739,sht17.cmp8475,T7450,1267377532,NO,buk9y30-75b_sym_1.smb
1740,sht17.cmp8528,T7460,1267377532,YES,buk9y30-75b_sym_1.smb
1741,sht1.cmp43,X1,1034486394,NO,st_sym_1.smb
1742,sht1.cmp1528,X2,8905B00184,NO,prgpkt_bdm6_sdsym_1.smb
1743,sht10.cmp5389/sht1.cmp3506,X5000,8905B0010601,YES,bdm_10_sym_1.smb
1744,sht1.cmp1706,LP3000,C_MP13,NO,c_mp13_sym_3.smb
1745,sht1.cmp1424,LP3002,C_MP13,NO,c_mp13_sym_3.smb
1746,sht1.cmp35,LP3036,C_MP13,NO,c_mp13_sym_3.smb
1747,sht1.cmp1863,LP3062,C_MP13,NO,c_mp13_sym_3.smb
1748,sht1.cmp1508,LP4570,C_MP13,NO,c_mp13_sym_3.smb
1749,sht1.cmp1511,LP4571,C_MP13,NO,c_mp13_sym_3.smb
1750,sht1.cmp1509,LP4572,C_MP13,NO,c_mp13_sym_3.smb
1751,sht10.cmp5389/sht1.cmp3365,LP5000,C_MP11,NO,c_mp_sdsym_3.smb
1752,sht10.cmp5389/sht1.cmp3366,LP5001,C_MP11,NO,c_mp_sdsym_3.smb
1753,sht10.cmp5389/sht1.cmp3364,LP5002,C_MP11,NO,c_mp_sdsym_3.smb
1754,sht10.cmp5389/sht1.cmp3367,LP5003,C_MP11,NO,c_mp_sdsym_3.smb
1755,sht10.cmp5389/sht1.cmp3483,LP5004,C_MP11,NO,c_mp_sdsym_3.smb
1756,sht10.cmp5389/sht1.cmp3368,LP5017,C_MP11,NO,c_mp_sdsym_3.smb
1757,sht1.cmp135,MH1,0281C03008,NO,bet_1pin_sdsym_1.smb
1758,sht12.cmp50,TN7160,1267377078,NO,ipg20n04s4_sdsym_1_1.smb
1759,sht12.cmp81,TN7180,1267377078,NO,ipg20n04s4_sdsym_1_1.smb
1760,sht12.cmp188,TN7200,1267377078,NO,ipg20n04s4_sdsym_1_1.smb
1761,sht14.cmp3803,TN7240,1267377078,NO,ipg20n04s4_sdsym_1_1.smb
1762,sht14.cmp3863,TN7260,1267377078,NO,ipg20n04s4_sdsym_1_1.smb
1763,sht16.cmp3607,TN7409,1267377078,NO,ipg20n04s4_sdsym_1_1.smb
1764,sht16.cmp3610,TN7429,1267377078,NO,ipg20n04s4_sdsym_1_1.smb
1765,sht17.cmp8604,TN7470,1267377078,NO,ipg20n04s4_sdsym_1_1.smb
1766,sht1.cmp1280,,0281Y09PG9_L,,din_a1_v_sdsym_2.smb
