Component ID,Reference Designator,Part Name,Not mount on PCB,Symbol Name,Unnamed: 5
,reference,partName,noMount,SymbolName,
sht4.cmp4808,B0225,1267361536,YES,r_sym_1.smb,
sht3.cmp340,B3000,1267362148,YES,r_sym_1.smb,
sht3.cmp343,B3001,1267362122,NO,r_sym_1.smb,
sht3.cmp345,B3002,1267362122,NO,r_sym_1.smb,
sht3.cmp346,B3003,8909006786,NO,r_sym_1.smb,
sht1.cmp1295,B3043,8905B0070701,NO,br_sym_2.smb,
sht3.cmp173,B3160,8905B00707,NO,br_sym_2.smb,
sht10.cmp5389/sht1.cmp2249,B5000,1267361536,YES,r_sym_1.smb,
sht10.cmp5389/sht1.cmp3272,B5001,DUMMYB0603,NO,br_sym_2.smb,
sht10.cmp5389/sht1.cmp1997,B5002,1267361536,YES,r_sym_1.smb,
sht10.cmp5389/sht1.cmp2485,B5003,1267361536,NO,r_sym_1.smb,
sht10.cmp5389/sht1.cmp3454,B5004,1267361536,NO,r_sym_1.smb,
sht10.cmp5389/sht1.cmp2403,B5006,1267361536,YES,r_sym_1.smb,
sht10.cmp5389/sht1.cmp3536,B5007,8909B00532,YES,br_sym_2.smb,
sht10.cmp5389/sht1.cmp3472,B5009,1267361536,YES,r_sym_1.smb,
sht10.cmp5389/sht1.cmp3264,B5052,1267361536,NO,r_sym_1.smb,
sht10.cmp5389/sht2.cmp3546,B5121,1267362122,YES,r_sym_1.smb,
sht10.cmp5389/sht2.cmp3548,B5122,1267362122,NO,r_sym_1.smb,
sht10.cmp5389/sht2.cmp3648,B5123,1267361536,NO,r_sym_1.smb,
sht10.cmp5389/sht2.cmp3360,B5124,1267361536,YES,r_sym_1.smb,
sht10.cmp5389/sht2.cmp3531,B5152,1267361536,YES,r_sym_1.smb,
sht10.cmp5389/sht1.cmp3268,B5153,1267361536,NO,r_sym_1.smb,
sht10.cmp5389/sht1.cmp3270,B5154,1267361536,YES,r_sym_1.smb,
sht10.cmp5389/sht2.cmp3651,B5156,1267361536,YES,r_sym_1.smb,
sht10.cmp5389/sht1.cmp3337,B5157,1267361536,YES,r_sym_1.smb,
sht1.cmp2062,C0001,1267370564,NO,c_sym_1.smb,
sht1.cmp2066,C0002,1267370564,NO,c_sym_1.smb,
sht1.cmp2048,C0003,1267370564,NO,c_sym_1.smb,
sht1.cmp2052,C0004,1267370564,NO,c_sym_1.smb,
sht1.cmp2055,C0005,1267370564,NO,c_sym_1.smb,
sht1.cmp2057,C0006,1267370564,NO,c_sym_1.smb,
sht1.cmp2068,C0009,1267370564,NO,c_sym_1.smb,
sht5.cmp2693,C0101,1267370010,YES,c_sym_1.smb,
sht5.cmp2701,C0102,1267370010,YES,c_sym_1.smb,
sht4.cmp4255,C0103,1267370010,YES,c_sym_1.smb,
sht4.cmp4928,C0104,1267370010,YES,c_sym_1.smb,
sht4.cmp4906,C0105,1267370010,YES,c_sym_1.smb,
sht4.cmp4907,C0106,1267370010,YES,c_sym_1.smb,
sht4.cmp4771,C0108,1267370010,YES,c_sym_1.smb,
sht4.cmp4758,C0109,1267370010,YES,c_sym_1.smb,
sht4.cmp4930,C0111,1267370010,YES,c_sym_1.smb,
sht4.cmp4932,C0112,1267370010,YES,c_sym_1.smb,
sht9.cmp628,C0113,1267370900,NO,c_sym_1.smb,
sht2.cmp627,C0114,1267370010,NO,c_sym_1.smb,
sht4.cmp3556,C0117,1267370010,YES,c_sym_1.smb,
sht4.cmp3549,C0118,1267370010,YES,c_sym_1.smb,
sht2.cmp376,C0119,1267370010,NO,c_sym_1.smb,
sht2.cmp351,C0120,1267370010,NO,c_sym_1.smb,
sht2.cmp352,C0121,1267370010,NO,c_sym_1.smb,
sht2.cmp349,C0122,1267370010,NO,c_sym_1.smb,
sht2.cmp350,C0123,1267370010,NO,c_sym_1.smb,
sht2.cmp370,C0124,1267370010,NO,c_sym_1.smb,
sht9.cmp474,C0125,1267370010,NO,c_sym_1.smb,
sht8.cmp9,C0126,1267370902,NO,c_sym_1.smb,
sht8.cmp437,C0127,1267370902,NO,c_sym_1.smb,
sht8.cmp464,C0128,1267370902,NO,c_sym_1.smb,
sht8.cmp492,C0129,1267370902,NO,c_sym_1.smb,
sht8.cmp496,C0130,1267370902,NO,c_sym_1.smb,
sht2.cmp371,C0137,1267370010,NO,c_sym_1.smb,
sht8.cmp524,C0138,1267370902,NO,c_sym_1.smb,
sht6.cmp2355,C0140,1267370010,NO,c_sym_1.smb,
sht18.cmp50,C0142,8909004939,NO,c_sym_1.smb,
sht1.cmp1500,C0143,1267370900,NO,c_sym_1.smb,
sht1.cmp1505,C0144,1267370900,NO,c_sym_1.smb,
sht1.cmp1504,C0145,1267370900,NO,c_sym_1.smb,
sht6.cmp2714,C0146,1267370010,NO,c_sym_1.smb,
sht1.cmp1370,C0147,1267370010,NO,c_sym_1.smb,
sht1.cmp2011,C0148A,1267370900,NO,c_sym_1.smb,
sht1.cmp2012,C0148B,1267370900,NO,c_sym_1.smb,
sht16.cmp3355,C0149,1267370010,NO,c_sym_1.smb,
sht14.cmp3418,C0150,1267370010,NO,c_sym_1.smb,
sht14.cmp3517,C0151,1267370010,NO,c_sym_1.smb,
sht12.cmp14,C0152,1267370010,NO,c_sym_1.smb,
sht3.cmp6,C0153,1267370010,NO,c_sym_1.smb,
sht1.cmp1815,C0154A,1267370900,NO,c_sym_1.smb,
sht1.cmp1818,C0154B,1267370900,NO,c_sym_1.smb,
sht12.cmp165,C0201,1267370010,NO,c_sym_1.smb,
sht12.cmp139,C0202,1267370010,NO,c_sym_1.smb,
sht2.cmp638,C0203,1267370010,NO,c_sym_1.smb,
sht12.cmp70,C0204,1267370010,NO,c_sym_1.smb,
sht16.cmp3174,C0205,1267370010,NO,c_sym_1.smb,
sht16.cmp3133,C0206,1267370010,NO,c_sym_1.smb,
sht17.cmp8360,C0208,1267370010,NO,c_sym_1.smb,
sht15.cmp2283,C0209,1267370010,NO,c_sym_1.smb,
sht15.cmp2281,C0210,1267370010,NO,c_sym_1.smb,
sht11.cmp3500,C0211,1267370010,NO,c_sym_1.smb,
sht11.cmp3503,C0212,1267370010,NO,c_sym_1.smb,
sht2.cmp629,C0213,1267370010,NO,c_sym_1.smb,
sht2.cmp631,C0216,1267370010,NO,c_sym_1.smb,
sht6.cmp2366,C0218,1267370010,NO,c_sym_1.smb,
sht9.cmp329,C0219,1267370902,NO,c_sym_1.smb,
sht2.cmp323,C0222,1267370010,NO,c_sym_1.smb,
sht2.cmp367,C0223,1267370010,NO,c_sym_1.smb,
sht4.cmp4839,C0225,1267370010,NO,c_sym_1.smb,
sht4.cmp4908,C0226,1267370010,YES,c_sym_1.smb,
sht4.cmp4909,C0227,1267370010,YES,c_sym_1.smb,
sht5.cmp2484,C0228,1267370010,YES,c_sym_1.smb,
sht5.cmp2475,C0229,1267370010,YES,c_sym_1.smb,
sht2.cmp682,C0230,1267370010,NO,c_sym_1.smb,
sht2.cmp635,C0234,1267370010,NO,c_sym_1.smb,
sht6.cmp2377,C0240,1267370010,NO,c_sym_1.smb,
sht9.cmp580,C0241,1267370010,NO,c_sym_1.smb,
sht6.cmp2410,C0242,1267370010,NO,c_sym_1.smb,
sht6.cmp2421,C0243,1267370010,NO,c_sym_1.smb,
sht6.cmp2432,C0244,1267370010,NO,c_sym_1.smb,
sht4.cmp4327,C0246,1267370010,YES,c_sym_1.smb,
sht2.cmp639,C0248,1267370010,NO,c_sym_1.smb,
sht4.cmp4354,C0252,1267370010,YES,c_sym_1.smb,
sht9.cmp353,C0255,1267370010,NO,c_sym_1.smb,
sht9.cmp371,C0256,1267370010,NO,c_sym_1.smb,
sht2.cmp643,C0257,1267370010,NO,c_sym_1.smb,
sht9.cmp434,C0258,1267370902,NO,c_sym_1.smb,
sht8.cmp541,C0259,1267370902,NO,c_sym_1.smb,
sht2.cmp426,C0260,1267370010,NO,c_sym_1.smb,
sht2.cmp438,C0261,1267370010,NO,c_sym_1.smb,
sht2.cmp464,C0263,1267370010,NO,c_sym_1.smb,
sht2.cmp372,C0264,1267370010,NO,c_sym_1.smb,
sht14.cmp3542,C0301,1267370010,NO,c_sym_1.smb,
sht12.cmp94,C0302,1267370010,NO,c_sym_1.smb,
sht11.cmp3900,C0303,1267370010,NO,c_sym_1.smb,
sht11.cmp4035,C0304,1267370010,NO,c_sym_1.smb,
sht15.cmp2352,C0305,1267370010,NO,c_sym_1.smb,
sht15.cmp2355,C0306,1267370010,NO,c_sym_1.smb,
sht2.cmp650,C0307,1267370010,NO,c_sym_1.smb,
sht2.cmp652,C0308,1267370010,NO,c_sym_1.smb,
sht2.cmp641,C0309,1267370010,NO,c_sym_1.smb,
sht15.cmp2342,C0313,1267370010,NO,c_sym_1.smb,
sht15.cmp2345,C0314,1267370010,NO,c_sym_1.smb,
sht14.cmp3859,C0317,1267370010,NO,c_sym_1.smb,
sht17.cmp8400,C0318,1267370010,NO,c_sym_1.smb,
sht14.cmp3905,C0321,1267370010,NO,c_sym_1.smb,
sht17.cmp8421,C0322,1267370010,NO,c_sym_1.smb,
sht2.cmp662,C0323,1267370010,NO,c_sym_1.smb,
sht9.cmp489,C0324,1267370010,NO,c_sym_1.smb,
sht5.cmp2470,C0325,1267370010,YES,c_sym_1.smb,
sht5.cmp2461,C0326,1267370010,YES,c_sym_1.smb,
sht4.cmp4798,C0327,1267370577,NO,c_sym_1.smb,
sht4.cmp4924,C0328,1267370010,YES,c_sym_1.smb,
sht4.cmp4925,C0329,1267370010,YES,c_sym_1.smb,
sht4.cmp4840,C0330,1267370577,YES,c_sym_1.smb,
sht5.cmp2703,C0331,1267370010,YES,c_sym_1.smb,
sht5.cmp2702,C0332,1267370010,YES,c_sym_1.smb,
sht4.cmp4916,C0333,1267370010,YES,c_sym_1.smb,
sht4.cmp4917,C0334,1267370010,YES,c_sym_1.smb,
sht6.cmp2496,C0340,1267370010,NO,c_sym_1.smb,
sht6.cmp2488,C0341,1267370010,NO,c_sym_1.smb,
sht2.cmp325,C0345,1267370010,NO,c_sym_1.smb,
sht2.cmp665,C0346,1267370010,NO,c_sym_1.smb,
sht2.cmp451,C0348,1267370010,NO,c_sym_1.smb,
sht9.cmp411,C0349,1267370902,NO,c_sym_1.smb,
sht2.cmp664,C0350,1267370010,NO,c_sym_1.smb,
sht2.cmp273,C0351,1267370010,NO,c_sym_1.smb,
sht2.cmp678,C0352,1267370010,NO,c_sym_1.smb,
sht2.cmp658,C0354,1267370010,NO,c_sym_1.smb,
sht6.cmp2637,C0356,1267370010,NO,c_sym_1.smb,
sht6.cmp2776,C0357,1267370010,NO,c_sym_1.smb,
sht2.cmp668,C0401,1267370010,NO,c_sym_1.smb,
sht11.cmp3468,C0402,1267370010,NO,c_sym_1.smb,
sht15.cmp2269,C0403,1267370010,NO,c_sym_1.smb,
sht15.cmp2270,C0404,1267370010,NO,c_sym_1.smb,
sht2.cmp669,C0405,1267370010,NO,c_sym_1.smb,
sht17.cmp8127,C0407,1267370010,NO,c_sym_1.smb,
sht17.cmp8215,C0408,1267370010,NO,c_sym_1.smb,
sht5.cmp2614,C0409,1267370010,YES,c_sym_1.smb,
sht5.cmp2611,C0410,1267370010,YES,c_sym_1.smb,
sht5.cmp2680,C0412,1267370010,YES,c_sym_1.smb,
sht5.cmp2679,C0413,1267370010,YES,c_sym_1.smb,
sht5.cmp2713,C0415,1267370010,YES,c_sym_1.smb,
sht5.cmp2712,C0418,1267370010,YES,c_sym_1.smb,
sht6.cmp2657,C0422,1267370010,NO,c_sym_1.smb,
sht8.cmp612,C0424,1267370902,NO,c_sym_1.smb,
sht8.cmp580,C0425,1267370902,NO,c_sym_1.smb,
sht2.cmp675,C0427,1267370010,NO,c_sym_1.smb,
sht2.cmp269,C0428,1267370010,NO,c_sym_1.smb,
sht2.cmp476,C0430,1267370010,NO,c_sym_1.smb,
sht2.cmp374,C0431,1267370010,NO,c_sym_1.smb,
sht2.cmp659,C0444,1267370010,NO,c_sym_1.smb,
sht1.cmp276,C0501,1267370010,NO,c_sym_1.smb,
sht1.cmp1867,C0502,1267370010,NO,c_sym_1.smb,
sht3.cmp337,C0504,1267370010,NO,c_sym_1.smb,
sht1.cmp1816,C0506A,1267370900,NO,c_sym_1.smb,
sht1.cmp1819,C0506B,1267370900,NO,c_sym_1.smb,
sht15.cmp1796,C0508,1267370010,NO,c_sym_1.smb,
sht12.cmp9,C0509,1267370010,NO,c_sym_1.smb,
sht6.cmp2661,C0510,1267370010,NO,c_sym_1.smb,
sht12.cmp29,C0512,1267370010,NO,c_sym_1.smb,
sht6.cmp2642,C0513,1267370010,NO,c_sym_1.smb,
sht4.cmp4890,C0515,1267370010,YES,c_sym_1.smb,
sht4.cmp4891,C0516,1267370010,YES,c_sym_1.smb,
sht8.cmp558,C0518,1267370902,NO,c_sym_1.smb,
sht2.cmp373,C0519,1267370010,NO,c_sym_1.smb,
sht1.cmp1515,C0522,1267370010,NO,c_sym_1.smb,
sht12.cmp61,C0524,1267370010,NO,c_sym_1.smb,
sht2.cmp673,C0525,1267370010,NO,c_sym_1.smb,
sht12.cmp53,C0527,1267370010,NO,c_sym_1.smb,
sht1.cmp1430,C0528,1267370010,NO,c_sym_1.smb,
sht12.cmp69,C0530,1267370010,NO,c_sym_1.smb,
sht2.cmp671,C0531,1267370010,NO,c_sym_1.smb,
sht5.cmp2697,C0601,1267370010,YES,c_sym_1.smb,
sht5.cmp2694,C0602,1267370010,YES,c_sym_1.smb,
sht4.cmp4894,C0603,1267370010,YES,c_sym_1.smb,
sht4.cmp4895,C0604,1267370010,YES,c_sym_1.smb,
sht5.cmp2552,C0605,1267370010,YES,c_sym_1.smb,
sht5.cmp2549,C0606,1267370010,YES,c_sym_1.smb,
sht5.cmp2637,C0607,1267370010,YES,c_sym_1.smb,
sht5.cmp2632,C0608,1267370010,YES,c_sym_1.smb,
sht4.cmp4317,C0610,1267370010,YES,c_sym_1.smb,
sht4.cmp4300,C0611,1267370010,YES,c_sym_1.smb,
sht2.cmp738,C0613,1267370010,NO,c_sym_1.smb,
sht5.cmp2498,C0615,1267370010,YES,c_sym_1.smb,
sht5.cmp2494,C0616,1267370010,YES,c_sym_1.smb,
sht2.cmp274,C0617,1267370010,NO,c_sym_1.smb,
sht6.cmp2635,C0618,1267370010,NO,c_sym_1.smb,
sht15.cmp2389,C0621,1267370010,NO,c_sym_1.smb,
sht15.cmp2387,C0622,1267370010,NO,c_sym_1.smb,
sht2.cmp737,C0624,1267370010,NO,c_sym_1.smb,
sht9.cmp648,C1100,1267370747,NO,c_sym_1.smb,
sht7.cmp3098,C1600,1267370682,NO,c_sym_1.smb,
sht9.cmp333,C1800,1267370907,NO,c_sym_1.smb,
sht2.cmp381,C1802,1267370906,YES,c_sym_1.smb,
sht2.cmp399,C1803,1267370906,YES,c_sym_1.smb,
sht9.cmp340,C1805,1267370007,NO,c_sym_1.smb,
sht9.cmp364,C1810,1267370907,YES,c_sym_1.smb,
sht2.cmp444,C1812,1267370906,YES,c_sym_1.smb,
sht2.cmp443,C1813,1267370906,YES,c_sym_1.smb,
sht9.cmp357,C1815,1267370007,YES,c_sym_1.smb,
sht9.cmp394,C1820,1267370907,YES,c_sym_1.smb,
sht2.cmp458,C1822,1267370906,NO,c_sym_1.smb,
sht2.cmp456,C1823,1267370906,NO,c_sym_1.smb,
sht9.cmp380,C1825,1267370007,YES,c_sym_1.smb,
sht9.cmp421,C1830,1267370907,NO,c_sym_1.smb,
sht2.cmp467,C1832,1267370906,NO,c_sym_1.smb,
sht2.cmp469,C1833,1267370906,NO,c_sym_1.smb,
sht9.cmp412,C1835,1267370007,NO,c_sym_1.smb,
sht9.cmp452,C1840,1267370907,NO,c_sym_1.smb,
sht9.cmp451,C1845,1267370007,NO,c_sym_1.smb,
sht9.cmp574,C1850,1267370907,YES,c_sym_1.smb,
sht9.cmp581,C1855,1267370007,YES,c_sym_1.smb,
sht9.cmp602,C1860,1267370907,YES,c_sym_1.smb,
sht9.cmp608,C1865,1267370007,YES,c_sym_1.smb,
sht9.cmp459,C2000,1267370011,NO,c_sym_1.smb,
sht9.cmp620,C2001,1267370011,YES,c_sym_1.smb,
sht8.cmp12,C2200,1267370907,NO,c_sym_1.smb,
sht8.cmp39,C2201,1267370007,NO,c_sym_1.smb,
sht8.cmp433,C2210,1267370907,NO,c_sym_1.smb,
sht8.cmp444,C2211,1267370007,NO,c_sym_1.smb,
sht8.cmp468,C2220,1267370907,NO,c_sym_1.smb,
sht8.cmp463,C2221,1267370007,NO,c_sym_1.smb,
sht8.cmp476,C2230,1267370907,NO,c_sym_1.smb,
sht8.cmp480,C2231,1267370007,NO,c_sym_1.smb,
sht8.cmp495,C2240,1267370907,NO,c_sym_1.smb,
sht8.cmp500,C2241,1267370007,NO,c_sym_1.smb,
sht8.cmp516,C2250,1267370907,NO,c_sym_1.smb,
sht8.cmp521,C2251,1267370007,NO,c_sym_1.smb,
sht8.cmp536,C2260,1267370907,NO,c_sym_1.smb,
sht8.cmp535,C2261,1267370007,NO,c_sym_1.smb,
sht8.cmp568,C2270,1267370907,NO,c_sym_1.smb,
sht8.cmp557,C2271,1267370007,NO,c_sym_1.smb,
sht8.cmp590,C2280,1267370907,NO,c_sym_1.smb,
sht8.cmp592,C2281,1267370007,NO,c_sym_1.smb,
sht8.cmp629,C2290,1267370907,NO,c_sym_1.smb,
sht8.cmp613,C2291,1267370007,NO,c_sym_1.smb,
sht1.cmp1345,C3000,1267370564,NO,c_sym_1.smb,
sht1.cmp1356,C3001,1267370844,NO,c_sym_1.smb,
sht1.cmp1494,C3002,1267362202,NO,c_sym_1.smb,
sht1.cmp1299,C3003,1267373304,NO,elko_sym_1.smb,
sht1.cmp1380,C3004,1267370844,YES,c_sym_1.smb,
sht1.cmp1383,C3005,1267370844,NO,c_sym_1.smb,
sht1.cmp1367,C3006,1267362202,YES,c_sym_1.smb,
sht1.cmp2035,C3009,1267373304,NO,elko_sym_1.smb,
sht1.cmp1342,C3010,1267370564,NO,c_sym_1.smb,
sht1.cmp1346,C3013,1267370760,NO,c_sym_1.smb,
sht1.cmp1425,C3019,1267370906,YES,c_sym_1.smb,
sht1.cmp1376,C3020,1267370594,NO,c_sym_1.smb,
sht1.cmp1462,C3021,1267370682,NO,c_sym_1.smb,
sht1.cmp1595,C3022A,1267362202,NO,c_sym_1.smb,
sht1.cmp1589,C3022B,1267362202,NO,c_sym_1.smb,
sht1.cmp1591,C3022C,1267362202,NO,c_sym_1.smb,
sht1.cmp1593,C3022D,1267362202,NO,c_sym_1.smb,
sht1.cmp1590,C3022E,1267362202,YES,c_sym_1.smb,
sht1.cmp1402,C3023,1267370008,YES,c_sym_1.smb,
sht1.cmp1388,C3025,1267370900,NO,c_sym_1.smb,
sht1.cmp1416,C3026,1267370767,NO,c_sym_1.smb,
sht1.cmp1387,C3027,1267370767,NO,c_sym_1.smb,
sht1.cmp1411,C3028,1267370028,NO,c_sym_1.smb,
sht1.cmp1472,C3029,1267370028,NO,c_sym_1.smb,
sht1.cmp1466,C3030,1267371304,NO,c_sym_1.smb,
sht1.cmp1395,C3031,1267370009,NO,c_sym_1.smb,
sht1.cmp1401,C3032,1267370670,NO,c_sym_1.smb,
sht1.cmp1359,C3034,1267370640,YES,c_sym_1.smb,
sht1.cmp1366,C3041,1267370564,NO,c_sym_1.smb,
sht1.cmp1439,C3043,1267370564,YES,c_sym_1.smb,
sht2.cmp183,C3050,1267370011,NO,c_sym_1.smb,
sht2.cmp249,C3051,1267371304,YES,c_sym_1.smb,
sht2.cmp166,C3052,1267370011,YES,c_sym_1.smb,
sht2.cmp188,C3053,1267371304,NO,c_sym_1.smb,
sht2.cmp204,C3054,1267370011,NO,c_sym_1.smb,
sht2.cmp229,C3055,1267371304,NO,c_sym_1.smb,
sht2.cmp302,C3056,1267371304,NO,c_sym_1.smb,
sht1.cmp1352,C3059,1267370682,NO,c_sym_1.smb,
sht2.cmp233,C3071,1267370564,NO,c_sym_1.smb,
sht2.cmp193,C3072,1267370564,NO,c_sym_1.smb,
sht2.cmp217,C3073,1267370564,NO,c_sym_1.smb,
sht2.cmp210,C3075,1267370747,YES,c_sym_1.smb,
sht2.cmp181,C3076,1267370747,YES,c_sym_1.smb,
sht2.cmp197,C3077,1267370747,YES,c_sym_1.smb,
sht1.cmp1351,C3080,1267370564,NO,c_sym_1.smb,
sht1.cmp1433,C3090,1267370900,NO,c_sym_1.smb,
sht2.cmp583,C3150,1267370564,NO,c_sym_1.smb,
sht2.cmp597,C3151,1267370607,NO,c_sym_1.smb,
sht2.cmp611,C3152,1267370011,NO,c_sym_1.smb,
sht2.cmp596,C3156,1267370831,NO,c_sym_1.smb,
sht2.cmp587,C3157,1267370831,NO,c_sym_1.smb,
sht2.cmp591,C3158,1267370831,NO,c_sym_1.smb,
sht2.cmp619,C3159,1267370564,NO,c_sym_1.smb,
sht3.cmp143,C3167,1267370007,YES,c_sym_1.smb,
sht3.cmp145,C3168,1267370007,YES,c_sym_1.smb,
sht4.cmp3565,C3170,1267370011,NO,c_sym_1.smb,
sht4.cmp3550,C3171,1267370010,YES,c_sym_1.smb,
sht3.cmp181,C3200,1267370564,YES,c_sym_1.smb,
sht3.cmp182,C3202,1267370527,YES,c_sym_1.smb,
sht1.cmp2023,C3430,1267370008,NO,c_sym_1.smb,
sht1.cmp1612,C3591,1267362202,NO,c_sym_1.smb,
sht1.cmp270,C3593A,1267373304,NO,elko_sym_1.smb,
sht1.cmp90,C3593B,1267373304,NO,elko_sym_1.smb,
sht1.cmp1615,C3594,1267362202,NO,c_sym_1.smb,
sht1.cmp1614,C3595,1267370564,NO,c_sym_1.smb,
sht1.cmp1613,C3600,1267362202,NO,c_sym_1.smb,
sht4.cmp3949,C4550,1267370011,NO,c_sym_1.smb,
sht4.cmp3956,C4552,1267370747,YES,c_sym_1.smb,
sht4.cmp3967,C4553,1267370010,YES,c_sym_1.smb,
sht4.cmp3988,C4554,1267370011,NO,c_sym_1.smb,
sht4.cmp4238,C4560,1267370011,NO,c_sym_1.smb,
sht4.cmp4242,C4562,1267370747,YES,c_sym_1.smb,
sht4.cmp4246,C4563,1267370010,YES,c_sym_1.smb,
sht4.cmp4262,C4564,1267370011,NO,c_sym_1.smb,
sht4.cmp4301,C4570,1267370011,NO,c_sym_1.smb,
sht4.cmp4316,C4572,1267370747,YES,c_sym_1.smb,
sht4.cmp4299,C4573,1267370010,YES,c_sym_1.smb,
sht4.cmp4278,C4574,1267370011,NO,c_sym_1.smb,
sht4.cmp4340,C4580,1267370011,NO,c_sym_1.smb,
sht4.cmp4337,C4582,1267370747,YES,c_sym_1.smb,
sht4.cmp4326,C4583,1267370010,NO,c_sym_1.smb,
sht4.cmp4357,C4584,1267370011,NO,c_sym_1.smb,
sht4.cmp4753,C4590,1267370011,NO,c_sym_1.smb,
sht4.cmp4760,C4592,1267370747,YES,c_sym_1.smb,
sht4.cmp4740,C4593,1267370010,NO,c_sym_1.smb,
sht4.cmp4749,C4594,1267370011,NO,c_sym_1.smb,
sht4.cmp4800,C4600,1267370564,YES,c_sym_1.smb,
sht4.cmp4784,C4601,1267370008,YES,c_sym_1.smb,
sht4.cmp4876,C4602,1267370749,NO,c_sym_1.smb,
sht4.cmp4791,C4605,1267370564,NO,c_sym_1.smb,
sht4.cmp4806,C4606,1267370008,NO,c_sym_1.smb,
sht5.cmp2465,C4610,1267370010,NO,c_sym_1.smb,
sht5.cmp2477,C4615,1267370010,NO,c_sym_1.smb,
sht5.cmp2497,C4620,1267370010,NO,c_sym_1.smb,
sht5.cmp2514,C4625,1267370010,NO,c_sym_1.smb,
sht18.cmp12,C4824,1267370527,YES,c_sym_1.smb,
sht18.cmp31,C4825,1267370640,YES,c_sym_1.smb,
sht10.cmp5389/sht1.cmp2444,C5000,1267370029,NO,c_sym_1.smb,
sht10.cmp5389/sht1.cmp2297,C5001,1267370029,NO,c_sym_1.smb,
sht10.cmp5389/sht1.cmp2465,C5002,1267370011,NO,c_sym_1.smb,
sht10.cmp5389/sht1.cmp2600,C5003,1267370640,YES,c_sym_1.smb,
sht10.cmp5389/sht1.cmp2475,C5004,1267370650,YES,c_sym_1.smb,
sht10.cmp5389/sht1.cmp2530,C5005,1267370650,YES,c_sym_1.smb,
sht10.cmp5389/sht1.cmp2848,C5006,1267370011,NO,c_sym_2.smb,
sht10.cmp5389/sht1.cmp2850,C5007,1267370029,NO,c_sym_2.smb,
sht10.cmp5389/sht1.cmp2849,C5008,1267370011,NO,c_sym_2.smb,
sht10.cmp5389/sht1.cmp3457,C5009,1267370028,NO,c_sym_1.smb,
sht10.cmp5389/sht1.cmp2402,C5010,1267370029,YES,c_sym_1.smb,
sht10.cmp5389/sht1.cmp2461,C5011,1267370011,NO,c_sym_1.smb,
sht10.cmp5389/sht1.cmp2383,C5012,1267370011,NO,c_sym_1.smb,
sht10.cmp5389/sht1.cmp2258,C5013,1267370011,NO,c_sym_1.smb,
sht10.cmp5389/sht1.cmp2091,C5014,1267370011,NO,c_sym_1.smb,
sht10.cmp5389/sht1.cmp2304,C5015,1267370011,NO,c_sym_1.smb,
sht10.cmp5389/sht1.cmp2021,C5016,1267370011,NO,c_sym_1.smb,
sht10.cmp5389/sht1.cmp2235,C5017,1267370011,NO,c_sym_1.smb,
sht10.cmp5389/sht1.cmp2593,C5018,1267370011,NO,c_sym_1.smb,
sht10.cmp5389/sht1.cmp2164,C5019,1267370011,NO,c_sym_1.smb,
sht10.cmp5389/sht1.cmp2526,C5020,1267370011,NO,c_sym_1.smb,
sht10.cmp5389/sht1.cmp2453,C5021,1267370011,NO,c_sym_1.smb,
sht10.cmp5389/sht1.cmp2292,C5022,1267370011,NO,c_sym_1.smb,
sht10.cmp5389/sht1.cmp2369,C5023,1267370011,NO,c_sym_1.smb,
sht10.cmp5389/sht1.cmp2226,C5024,1267370011,NO,c_sym_1.smb,
sht10.cmp5389/sht1.cmp2148,C5025,1267370011,NO,c_sym_1.smb,
sht10.cmp5389/sht1.cmp2078,C5026,1267370011,NO,c_sym_1.smb,
sht10.cmp5389/sht1.cmp2010,C5027,1267370011,NO,c_sym_1.smb,
sht10.cmp5389/sht1.cmp3320,C5028,1267370028,NO,c_sym_1.smb,
sht10.cmp5389/sht1.cmp2580,C5029,1267370011,NO,c_sym_1.smb,
sht10.cmp5389/sht1.cmp2502,C5030,1267370011,NO,c_sym_1.smb,
sht10.cmp5389/sht1.cmp2437,C5031,1267370011,NO,c_sym_1.smb,
sht10.cmp5389/sht1.cmp2030,C5032,1267370011,YES,c_sym_1.smb,
sht10.cmp5389/sht2.cmp3408,C5033,1267370011,NO,c_sym_1.smb,
sht10.cmp5389/sht2.cmp3424,C5034,1267370011,NO,c_sym_1.smb,
sht10.cmp5389/sht2.cmp3387,C5035,1267370011,NO,c_sym_1.smb,
sht10.cmp5389/sht2.cmp3438,C5036,1267370011,NO,c_sym_1.smb,
sht10.cmp5389/sht2.cmp3452,C5037,1267370011,NO,c_sym_1.smb,
sht10.cmp5389/sht2.cmp3403,C5038,1267370011,NO,c_sym_1.smb,
sht10.cmp5389/sht2.cmp3391,C5039,1267370011,NO,c_sym_1.smb,
sht10.cmp5389/sht2.cmp3388,C5040,1267370011,NO,c_sym_1.smb,
sht10.cmp5389/sht2.cmp3453,C5041,1267370011,NO,c_sym_1.smb,
sht10.cmp5389/sht2.cmp3428,C5042,1267370011,YES,c_sym_1.smb,
sht10.cmp5389/sht2.cmp3393,C5043,1267370011,NO,c_sym_1.smb,
sht10.cmp5389/sht2.cmp3412,C5044,1267370011,NO,c_sym_1.smb,
sht10.cmp5389/sht2.cmp3392,C5045,1267370011,NO,c_sym_1.smb,
sht10.cmp5389/sht2.cmp3419,C5046,1267370011,NO,c_sym_1.smb,
sht10.cmp5389/sht2.cmp3543,C5047,1267370011,YES,c_sym_1.smb,
sht10.cmp5389/sht1.cmp2318,C5048,1267370029,NO,c_sym_1.smb,
sht10.cmp5389/sht1.cmp3247,C5080,1267370011,YES,c_sym_1.smb,
sht10.cmp5389/sht1.cmp3461,C5081,1267370011,YES,c_sym_1.smb,
sht10.cmp5389/sht1.cmp3253,C5083,1267370011,NO,c_sym_1.smb,
sht10.cmp5389/sht1.cmp3255,C5084,1267370011,NO,c_sym_1.smb,
sht10.cmp5389/sht1.cmp3380,C5090,1267370011,YES,c_sym_1.smb,
sht10.cmp5389/sht1.cmp3383,C5091,1267370011,YES,c_sym_1.smb,
sht10.cmp5389/sht1.cmp3385,C5092,1267370011,YES,c_sym_1.smb,
sht10.cmp5389/sht2.cmp3308,C5120,1267370011,NO,c_sym_1.smb,
sht10.cmp5389/sht2.cmp3588,C5121,1267362202,YES,c_sym_1.smb,
sht10.cmp5389/sht2.cmp3551,C5122,1267362202,NO,c_sym_1.smb,
sht10.cmp5389/sht2.cmp3336,C5124,1267370011,NO,c_sym_1.smb,
sht10.cmp5389/sht2.cmp3321,C5125,1267362202,NO,c_sym_1.smb,
sht10.cmp5389/sht2.cmp3313,C5126,1267362202,NO,c_sym_1.smb,
sht10.cmp5389/sht2.cmp3330,C5127,1267362202,NO,c_sym_1.smb,
sht10.cmp5389/sht2.cmp3516,C5128,1267370607,YES,c_sym_1.smb,
sht10.cmp5389/sht2.cmp3554,C5129,1267362202,YES,c_sym_1.smb,
sht9.cmp638,C5429,1267370666,NO,c_sym_1.smb,
sht9.cmp645,C5436,1267370009,NO,c_sym_1.smb,
sht3.cmp269,C5660,1267370028,YES,c_sym_1.smb,
sht3.cmp300,C5661,1267370911,YES,c_sym_1.smb,
sht3.cmp306,C5662,1267370640,YES,c_sym_1.smb,
sht6.cmp2622,C5815,1267370011,NO,c_sym_1.smb,
sht6.cmp2646,C5900,1267370011,NO,c_sym_1.smb,
sht15.cmp2464,C5901,1267370011,NO,c_sym_1.smb,
sht15.cmp2472,C5903,1267370011,NO,c_sym_1.smb,
sht17.cmp8559,C5904,1267370640,NO,c_sym_1.smb,
sht17.cmp8532,C5905,1267370011,NO,c_sym_1.smb,
sht17.cmp8578,C5906,1267370640,NO,c_sym_1.smb,
sht7.cmp3136,C5907,1267370009,NO,c_sym_1.smb,
sht17.cmp8443,C5908,1267370011,NO,c_sym_1.smb,
sht14.cmp3901,C5909,1267370682,NO,c_sym_1.smb,
sht12.cmp114,C5910,1267370682,NO,c_sym_1.smb,
sht14.cmp3882,C5911,1267370682,NO,c_sym_1.smb,
sht15.cmp2436,C5912,1267370011,NO,c_sym_1.smb,
sht15.cmp1820,C5913,1267370011,NO,c_sym_1.smb,
sht15.cmp2429,C5914,1267370011,NO,c_sym_1.smb,
sht18.cmp37,C5916,1267370669,NO,c_sym_1.smb,
sht7.cmp2852,C5917,1267370682,NO,c_sym_1.smb,
sht17.cmp8465,C5918,1267370640,NO,c_sym_1.smb,
sht17.cmp8589,C5919,1267370011,NO,c_sym_1.smb,
sht6.cmp2494,C5922,1267370011,NO,c_sym_1.smb,
sht6.cmp2382,C5923,1267370011,NO,c_sym_1.smb,
sht14.cmp3745,C5926,1267370682,NO,c_sym_1.smb,
sht18.cmp4,C5927,1267370679,NO,c_sym_1.smb,
sht16.cmp3606,C5928,1267370640,NO,c_sym_1.smb,
sht12.cmp175,C5929,1267370682,NO,c_sym_1.smb,
sht16.cmp3256,C5930,1267370011,NO,c_sym_1.smb,
sht16.cmp3285,C5931,1267370011,NO,c_sym_1.smb,
sht6.cmp2415,C5932,1267370011,NO,c_sym_1.smb,
sht6.cmp2426,C5933,1267370011,NO,c_sym_1.smb,
sht12.cmp132,C5934,1267370682,NO,c_sym_1.smb,
sht6.cmp2669,C5935,1267370011,NO,c_sym_1.smb,
sht6.cmp2647,C5938,1267370011,NO,c_sym_1.smb,
sht11.cmp3982,C5939,1267370011,NO,c_sym_1.smb,
sht16.cmp3343,C5940,1267370640,NO,c_sym_1.smb,
sht16.cmp3313,C5941,1267370640,NO,c_sym_1.smb,
sht16.cmp3353,C5942,1267370640,NO,c_sym_1.smb,
sht6.cmp2473,C5943,1267370011,NO,c_sym_1.smb,
sht9.cmp566,C5945,1267370011,NO,c_sym_1.smb,
sht6.cmp2437,C5946,1267370011,NO,c_sym_1.smb,
sht6.cmp2371,C5947,1267370011,NO,c_sym_1.smb,
sht11.cmp3955,C5960,1267370011,NO,c_sym_1.smb,
sht17.cmp8518,C5962,1267370027,YES,c_sym_1.smb,
sht11.cmp4007,C5963,1267370011,NO,c_sym_1.smb,
sht15.cmp2423,C5964,1267370011,NO,c_sym_1.smb,
sht15.cmp2456,C5965,1267370011,NO,c_sym_1.smb,
sht6.cmp2360,C5966,1267370011,NO,c_sym_1.smb,
sht17.cmp8501,C5971,1267370027,NO,c_sym_1.smb,
sht9.cmp347,C5972,1267370011,NO,c_sym_1.smb,
sht9.cmp389,C5973,1267370011,NO,c_sym_1.smb,
sht9.cmp422,C5974,1267370011,YES,c_sym_1.smb,
sht6.cmp2667,C5976,1267370682,NO,c_sym_1.smb,
sht6.cmp2700,C5977,1267370682,NO,c_sym_1.smb,
sht6.cmp2784,C5978,1267370011,NO,c_sym_1.smb,
sht9.cmp598,C5979,1267370011,NO,c_sym_1.smb,
sht11.cmp3950,C6110,1267370011,NO,c_sym_1.smb,
sht11.cmp3949,C6111,1267370009,NO,c_sym_1.smb,
sht11.cmp3946,C6117,1267370009,NO,c_sym_1.smb,
sht11.cmp3977,C6120,1267370011,NO,c_sym_1.smb,
sht11.cmp3976,C6121,1267370009,NO,c_sym_1.smb,
sht11.cmp3973,C6127,1267370009,NO,c_sym_1.smb,
sht11.cmp4002,C6130,1267370011,NO,c_sym_1.smb,
sht11.cmp4001,C6131,1267370009,NO,c_sym_1.smb,
sht11.cmp3998,C6137,1267370009,NO,c_sym_1.smb,
sht16.cmp3250,C6140,1267370011,NO,c_sym_1.smb,
sht16.cmp3240,C6141,1267370009,NO,c_sym_1.smb,
sht16.cmp3257,C6147,1267370009,NO,c_sym_1.smb,
sht16.cmp3283,C6150,1267370011,NO,c_sym_1.smb,
sht16.cmp3296,C6151,1267370009,NO,c_sym_1.smb,
sht16.cmp3290,C6157,1267370009,NO,c_sym_1.smb,
sht16.cmp3363,C6160,1267370011,NO,c_sym_1.smb,
sht16.cmp3374,C6161,1267370009,YES,c_sym_1.smb,
sht16.cmp3393,C6167,1267370009,YES,c_sym_1.smb,
sht17.cmp8450,C6170,1267370011,NO,c_sym_1.smb,
sht17.cmp8461,C6171,1267370009,NO,c_sym_1.smb,
sht17.cmp8472,C6177,1267370009,NO,c_sym_1.smb,
sht17.cmp8500,C6180,1267370011,NO,c_sym_1.smb,
sht17.cmp8510,C6181,1267370682,NO,c_sym_1.smb,
sht17.cmp8601,C6182,1267370010,NO,c_sym_1.smb,
sht17.cmp8515,C6190,1267370011,YES,c_sym_1.smb,
sht17.cmp8519,C6191,1267370663,YES,c_sym_1.smb,
sht17.cmp8602,C6192,1267370010,YES,c_sym_1.smb,
sht17.cmp8529,C6200,1267370011,NO,c_sym_1.smb,
sht17.cmp8537,C6201,1267370009,NO,c_sym_1.smb,
sht17.cmp8539,C6207,1267370009,NO,c_sym_1.smb,
sht17.cmp8583,C6210,1267370011,NO,c_sym_1.smb,
sht17.cmp8568,C6211,1267370009,NO,c_sym_1.smb,
sht17.cmp8574,C6217,1267370009,NO,c_sym_1.smb,
sht11.cmp3329,C7000,1267370906,YES,c_sym_1.smb,
sht11.cmp3338,C7001,1267370903,NO,c_sym_1.smb,
sht11.cmp3367,C7002,1267370564,NO,c_sym_1.smb,
sht11.cmp3384,C7003,1267370011,NO,c_sym_1.smb,
sht11.cmp3386,C7008,1267370011,NO,c_sym_1.smb,
sht12.cmp41,C7160,1267370527,NO,c_sym_1.smb,
sht12.cmp62,C7161,1267370640,NO,c_sym_1.smb,
sht12.cmp42,C7170,1267370527,NO,c_sym_1.smb,
sht12.cmp59,C7171,1267370640,NO,c_sym_1.smb,
sht12.cmp90,C7180,1267370527,NO,c_sym_1.smb,
sht12.cmp32,C7181,1267370640,NO,c_sym_1.smb,
sht12.cmp156,C7190,1267370527,NO,c_sym_1.smb,
sht12.cmp146,C7191,1267370640,NO,c_sym_1.smb,
sht12.cmp185,C7200,1267370527,NO,c_sym_1.smb,
sht12.cmp183,C7201,1267370640,NO,c_sym_1.smb,
sht14.cmp3807,C7210,1267370527,NO,c_sym_1.smb,
sht14.cmp3844,C7211,1267370640,NO,c_sym_1.smb,
sht14.cmp3808,C7240,1267370527,NO,c_sym_1.smb,
sht14.cmp3845,C7241,1267370640,NO,c_sym_1.smb,
sht14.cmp3809,C7250,1267370527,NO,c_sym_1.smb,
sht14.cmp3846,C7251,1267370640,NO,c_sym_1.smb,
sht14.cmp3868,C7260,1267370527,NO,c_sym_1.smb,
sht14.cmp3857,C7261,1267370640,NO,c_sym_1.smb,
sht14.cmp3912,C7270,1267370527,NO,c_sym_1.smb,
sht14.cmp3911,C7271,1267370640,NO,c_sym_1.smb,
sht16.cmp3522,C7367,1267370903,NO,c_sym_1.smb,
sht16.cmp3509,C7368,1267370011,NO,c_sym_1.smb,
sht16.cmp3059,C7369,1267370906,NO,c_sym_1.smb,
sht16.cmp3506,C7372,1267370028,NO,c_sym_1.smb,
sht16.cmp3510,C7374,1267370906,YES,c_sym_1.smb,
sht16.cmp3145,C7409,1267370594,NO,c_sym_1.smb,
sht16.cmp3147,C7410,1267370606,NO,c_sym_1.smb,
sht16.cmp3141,C7411,1267370008,NO,c_sym_1.smb,
sht16.cmp3511,C7412,1267370747,NO,c_sym_1.smb,
sht16.cmp3171,C7419,1267370594,NO,c_sym_1.smb,
sht16.cmp3176,C7420,1267370606,NO,c_sym_1.smb,
sht16.cmp3163,C7421,1267370008,NO,c_sym_1.smb,
sht16.cmp3514,C7422,1267370747,NO,c_sym_1.smb,
sht16.cmp3402,C7429,1267370594,NO,c_sym_1.smb,
sht16.cmp3395,C7430,1267370606,NO,c_sym_1.smb,
sht16.cmp3403,C7431,1267370008,NO,c_sym_1.smb,
sht16.cmp3517,C7432,1267370747,NO,c_sym_1.smb,
sht17.cmp8366,C7439,1267370594,NO,c_sym_1.smb,
sht17.cmp8370,C7440,1267370606,NO,c_sym_1.smb,
sht17.cmp8364,C7441,1267370008,NO,c_sym_1.smb,
sht17.cmp8374,C7442,1267370747,NO,c_sym_1.smb,
sht17.cmp8120,C7453,1267370527,NO,c_sym_1.smb,
sht17.cmp8119,C7454,1267370640,NO,c_sym_1.smb,
sht17.cmp8210,C7463,1267370527,YES,c_sym_1.smb,
sht17.cmp8232,C7464,1267370640,YES,c_sym_1.smb,
sht17.cmp8397,C7469,1267370594,NO,c_sym_1.smb,
sht17.cmp8399,C7470,1267370606,NO,c_sym_1.smb,
sht17.cmp8387,C7471,1267370008,NO,c_sym_1.smb,
sht17.cmp8396,C7472,1267370747,NO,c_sym_1.smb,
sht17.cmp8418,C7479,1267370594,NO,c_sym_1.smb,
sht17.cmp8420,C7480,1267370606,NO,c_sym_1.smb,
sht17.cmp8408,C7481,1267370008,NO,c_sym_1.smb,
sht17.cmp8417,C7482,1267370747,NO,c_sym_1.smb,
sht15.cmp2864,C8100,1267373039,NO,elko_sym_1.smb,
sht15.cmp2624,C8101,1267362202,NO,c_sym_1.smb,
sht15.cmp2621,C8102,1267370564,NO,c_sym_1.smb,
sht15.cmp1749,C8103,1267370562,NO,c_sym_1.smb,
sht15.cmp1713,C8104,1267370562,NO,c_sym_1.smb,
sht15.cmp1737,C8105,1267370011,NO,c_sym_1.smb,
sht15.cmp2622,C8112,1267370564,NO,c_sym_1.smb,
sht15.cmp1678,C8113,1267370562,NO,c_sym_1.smb,
sht15.cmp1746,C8114,1267370562,NO,c_sym_1.smb,
sht15.cmp2867,C8120,1267373039,NO,elko_sym_1.smb,
sht15.cmp2634,C8121,1267362202,NO,c_sym_1.smb,
sht15.cmp2631,C8122,1267370564,NO,c_sym_1.smb,
sht15.cmp1673,C8123,1267370562,NO,c_sym_1.smb,
sht15.cmp1637,C8124,1267370562,NO,c_sym_1.smb,
sht15.cmp1661,C8125,1267370011,NO,c_sym_1.smb,
sht15.cmp2632,C8132,1267370564,NO,c_sym_1.smb,
sht15.cmp1602,C8133,1267370562,NO,c_sym_1.smb,
sht15.cmp1670,C8134,1267370562,NO,c_sym_1.smb,
sht15.cmp2644,C8141,1267362202,NO,c_sym_1.smb,
sht15.cmp2641,C8142,1267370564,NO,c_sym_1.smb,
sht15.cmp2031,C8143,1267370562,NO,c_sym_1.smb,
sht15.cmp2094,C8144,1267370562,NO,c_sym_1.smb,
sht15.cmp2089,C8145,1267370011,NO,c_sym_1.smb,
sht15.cmp2642,C8152,1267370564,NO,c_sym_1.smb,
sht9.cmp318,D1800,1267375426,NO,doppel_suppressor_bidirekt_sdsym_1.smb,
sht9.cmp343,D1810,1267375426,YES,doppel_suppressor_bidirekt_sdsym_1.smb,
sht9.cmp557,D1850,1267375426,YES,doppel_suppressor_bidirekt_sdsym_1.smb,
sht8.cmp27,D2200,1267375426,NO,doppel_suppressor_bidirekt_sdsym_1.smb,
sht8.cmp471,D2220,1267375426,NO,doppel_suppressor_bidirekt_sdsym_1.smb,
sht8.cmp503,D2240,1267375426,NO,doppel_suppressor_bidirekt_sdsym_1.smb,
sht8.cmp534,D2260,1267375426,NO,doppel_suppressor_bidirekt_sdsym_1.smb,
sht8.cmp648,D2270,1267375426,NO,doppel_suppressor_bidirekt_sdsym_1.smb,
sht8.cmp579,D2280,1267375426,NO,doppel_suppressor_bidirekt_sdsym_1.smb,
sht1.cmp1405,D3000,1267375175,NO,schottky_sym_1.smb,
sht1.cmp1384,D3000T,8909B0295201,YES,master_diode_sym_1.smb,
sht1.cmp1490,D3001,1267375143,NO,master_diode_sym_1.smb,
sht1.cmp1879,D3002,1267375404,NO,suppressor_sym_1.smb,
sht1.cmp1880,D3003,1267375404,NO,suppressor_sym_1.smb,
sht1.cmp1559,D3011,1267375118,NO,master_diode_sym_1.smb,
sht1.cmp1316,D3012,1267375404,NO,suppressor_sym_1.smb,
sht1.cmp1391,D3020,1267375175,NO,schottky_sym_1.smb,
sht1.cmp1471,D3022,1267375158,NO,schottky_sym_1.smb,
sht1.cmp1458,D3023,1267375158,NO,schottky_sym_1.smb,
sht1.cmp1698,D3024,1267375165,NO,schottky_sym_1.smb,
sht1.cmp1288,D3025,1267375158,NO,schottky_sym_1.smb,
sht1.cmp1474,D3026,1267375158,NO,schottky_sym_1.smb,
sht3.cmp148,D3162,1267375158,NO,master_schottky_horiz_sdsym_1.smb,
sht4.cmp3547,D3171,1267375426,NO,doppel_suppressor_bidirekt_sdsym_1.smb,
sht4.cmp4883,D3175,1267375426,YES,doppel_suppressor_bidirekt_sdsym_1.smb,
sht3.cmp179,D3200,1267375118,YES,master_diode_sym_1.smb,
sht1.cmp2017,D3430,1267375404,YES,suppressor_sym_1.smb,
sht1.cmp2042,D3431,1267375435,NO,master_zdiode_sym_1.smb,
sht4.cmp3976,D4551,1267375426,NO,doppel_suppressor_bidirekt_sdsym_1.smb,
sht4.cmp4884,D4553,1267375426,YES,doppel_suppressor_bidirekt_sdsym_1.smb,
sht4.cmp4248,D4561,1267375426,NO,doppel_suppressor_bidirekt_sdsym_1.smb,
sht4.cmp4885,D4562,1267375426,YES,doppel_suppressor_bidirekt_sdsym_1.smb,
sht4.cmp4913,D4563,1267375426,YES,doppel_suppressor_bidirekt_sdsym_1.smb,
sht4.cmp4912,D4566,1267375426,YES,doppel_suppressor_bidirekt_sdsym_1.smb,
sht4.cmp4294,D4576,1267375426,NO,doppel_suppressor_bidirekt_sdsym_1.smb,
sht4.cmp4323,D4581,1267375426,NO,doppel_suppressor_bidirekt_sdsym_1.smb,
sht4.cmp4757,D4591,1267375426,NO,doppel_suppressor_bidirekt_sdsym_1.smb,
sht4.cmp4781,D4593,1267375426,NO,doppel_suppressor_bidirekt_sdsym_1.smb,
sht4.cmp4886,D4594,1267375426,YES,doppel_suppressor_bidirekt_sdsym_1.smb,
sht4.cmp4878,D4600,1267375162,NO,master_diode_sym_1.smb,
sht4.cmp4824,D4604,1267375159,YES,master_diode_sym_1.smb,
sht4.cmp4799,D4609,1267375159,NO,master_diode_sym_1.smb,
sht5.cmp2471,D4610,1267375426,NO,doppel_suppressor_bidirekt_sdsym_1.smb,
sht5.cmp2479,D4615,1267375426,NO,doppel_suppressor_bidirekt_sdsym_1.smb,
sht5.cmp2492,D4620,1267375426,NO,doppel_suppressor_bidirekt_sdsym_1.smb,
sht5.cmp2507,D4625,1267375426,NO,doppel_suppressor_bidirekt_sdsym_1.smb,
sht5.cmp2543,D4630,1267375426,NO,doppel_suppressor_bidirekt_sdsym_1.smb,
sht5.cmp2667,D4631,1267375426,YES,doppel_suppressor_bidirekt_sdsym_1.smb,
sht5.cmp2606,D4641,1267375426,NO,doppel_suppressor_bidirekt_sdsym_1.smb,
sht5.cmp2707,D4643,1267375426,NO,doppel_suppressor_bidirekt_sdsym_1.smb,
sht5.cmp2708,D4644,1267375426,NO,doppel_suppressor_bidirekt_sdsym_1.smb,
sht5.cmp2704,D4646,1267375426,YES,doppel_suppressor_bidirekt_sdsym_1.smb,
sht5.cmp2635,D4655,1267375426,NO,doppel_suppressor_bidirekt_sdsym_1.smb,
sht18.cmp19,D4820,1267375159,YES,master_diode_horiz_sdsym_1.smb,
sht18.cmp8,D4821,1267375416,YES,suppressor_sym_1.smb,
sht18.cmp59,D4822,1267375426,NO,doppel_suppressor_bidirekt_sdsym_1.smb,
sht10.cmp5389/sht2.cmp3378,D5120,1267375177,NO,schottky_sym_1.smb,
sht3.cmp299,D5660,1267375159,YES,master_diode_sym_1.smb,
sht11.cmp4036,D7001,1267375171,NO,master_diode_sym_1.smb,
sht11.cmp4041,D7002,1267375171,NO,master_diode_sym_1.smb,
sht11.cmp4037,D7003,1267375171,NO,master_diode_sym_1.smb,
sht11.cmp4038,D7005,1267375171,NO,master_diode_sym_1.smb,
sht11.cmp4039,D7007,1267375143,NO,master_diode_sym_1.smb,
sht12.cmp3,D7033,1267375404,NO,suppressor_sym_1.smb,
sht12.cmp49,D7034,1267375404,NO,suppressor_sym_1.smb,
sht12.cmp92,D7035,1267375404,NO,suppressor_sym_1.smb,
sht12.cmp96,D7036,1267375404,NO,suppressor_sym_1.smb,
sht12.cmp58,D7037,1267375404,NO,suppressor_sym_1.smb,
sht12.cmp44,D7160,1267375171,NO,master_diode_sym_1.smb,
sht12.cmp78,D7170,1267375171,NO,master_diode_sym_1.smb,
sht12.cmp28,D7180,1267375171,NO,master_diode_sym_1.smb,
sht12.cmp158,D7190,1267375171,NO,master_diode_sym_1.smb,
sht12.cmp186,D7200,1267375171,NO,master_diode_sym_1.smb,
sht14.cmp3417,D7210,1267375171,NO,master_diode_sym_1.smb,
sht14.cmp3527,D7240,1267375171,NO,master_diode_sym_1.smb,
sht14.cmp3541,D7250,1267375171,NO,master_diode_sym_1.smb,
sht14.cmp3873,D7260,1267375171,NO,master_diode_sym_1.smb,
sht14.cmp3902,D7270,1267375171,NO,master_diode_sym_1.smb,
sht16.cmp3124,D7409,1267375171,NO,master_diode_sym_1.smb,
sht16.cmp3175,D7419,1267375171,NO,master_diode_sym_1.smb,
sht16.cmp3360,D7429,1267375171,NO,master_diode_sym_1.smb,
sht17.cmp8361,D7439,1267375171,NO,master_diode_sym_1.smb,
sht17.cmp8607,D7450,1267375155,NO,master_diode_sym_1.smb,
sht17.cmp8611,D7460,1267375143,YES,master_diode_sym_1.smb,
sht17.cmp8390,D7469,1267375171,NO,master_diode_sym_1.smb,
sht17.cmp8411,D7479,1267375171,NO,master_diode_sym_1.smb,
sht15.cmp2748,D8400,1267375404,NO,suppressor_sym_1.smb,
sht1.cmp2036,L3000,1267369535,NO,drossel_sdsym_1.smb,
sht1.cmp1357,L3001,8909008195,YES,l_sym_1.smb,
sht1.cmp1318,L3020,8909007119,NO,drossel_pol_sdsym_1.smb,
sht1.cmp1396,L3021,8909008195,YES,l_sym_1.smb,
sht4.cmp4896,L3170,1277240021,NO,act_filter_no_pol_sdsym_1.smb,
sht1.cmp1963,L3590,1267369542,NO,drossel_pol_sdsym_1.smb,
sht4.cmp4898,L4550,1277240021,NO,act_filter_no_pol_sdsym_1.smb,
sht4.cmp4899,L4560,1277240021,NO,act_filter_no_pol_sdsym_1.smb,
sht4.cmp4900,L4570,1277240021,NO,act_filter_no_pol_sdsym_1.smb,
sht4.cmp4901,L4580,1277240021,NO,act_filter_no_pol_sdsym_1.smb,
sht4.cmp4902,L4590,1277240021,NO,act_filter_no_pol_sdsym_1.smb,
sht4.cmp4778,L4600,1267369162,YES,l_sym_1.smb,
sht4.cmp4832,L4605,1267369162,YES,l_sym_1.smb,
sht10.cmp5389/sht2.cmp3667,L5120,1267369160,NO,drossel_sdsym_1.smb,
sht10.cmp5389/sht1.cmp3535,Q5000,1267369255,NO,q_sym_1.smb,
sht1.cmp201,R0001,1267362122,NO,r_sym_1.smb,
sht1.cmp194,R0002,1267362122,NO,r_sym_1.smb,
sht1.cmp182,R0003,1267362122,NO,r_sym_1.smb,
sht1.cmp109,R0004,1267362122,NO,r_sym_1.smb,
sht1.cmp44,R0005,1267362122,NO,r_sym_1.smb,
sht1.cmp272,R0006,1267362122,NO,r_sym_1.smb,
sht1.cmp2061,R0007,1267362198,NO,r_sym_1.smb,
sht1.cmp2063,R0008,1267362198,NO,r_sym_1.smb,
sht1.cmp2070,R0009,1267362122,NO,r_sym_1.smb,
sht1.cmp2067,R0010,1267362198,NO,r_sym_1.smb,
sht9.cmp644,R0113,1267362122,YES,r_sym_1.smb,
sht4.cmp4787,R0225,1267377475,YES,var_sym_1.smb,
sht4.cmp4823,R0327,1267377475,YES,var_sym_1.smb,
sht9.cmp664,R1100,1267362128,NO,r_sym_1.smb,
sht9.cmp631,R1101,1267361540,NO,r_sym_1.smb,
sht9.cmp636,R1102,1267362127,NO,r_sym_1.smb,
sht9.cmp639,R1103,1267362127,NO,r_sym_1.smb,
sht9.cmp656,R1104,1267362130,NO,r_sym_1.smb,
sht9.cmp626,R1105,1267362129,NO,r_sym_1.smb,
sht9.cmp634,R1106,1267361535,NO,r_sym_1.smb,
sht9.cmp625,R1107,1267361536,YES,r_sym_1.smb,
sht9.cmp643,R1108,1267362741,YES,r_sym_1.smb,
sht9.cmp640,R1110,1267361573,NO,r_sym_1.smb,
sht9.cmp667,R1111,1267362715,NO,r_sym_1.smb,
sht6.cmp2358,R1200,1267362130,NO,r_sym_1.smb,
sht6.cmp2454,R1201,1267360844,NO,r_sym_1.smb,
sht6.cmp2362,R1202,1267362131,YES,r_sym_1.smb,
sht6.cmp2369,R1210,1267362130,NO,r_sym_1.smb,
sht6.cmp2456,R1211,1267362131,NO,r_sym_1.smb,
sht6.cmp2373,R1212,1267360844,YES,r_sym_1.smb,
sht6.cmp2380,R1220,1267362130,NO,r_sym_1.smb,
sht6.cmp2457,R1221,1267360844,NO,r_sym_1.smb,
sht6.cmp2384,R1222,1267360844,YES,r_sym_1.smb,
sht6.cmp2757,R1223,1267362741,YES,r_sym_1.smb,
sht6.cmp2756,R1224,1267362131,YES,r_sym_1.smb,
sht6.cmp2413,R1230,1267362130,NO,r_sym_1.smb,
sht6.cmp2463,R1231,1267360844,NO,r_sym_1.smb,
sht6.cmp2417,R1232,1267362131,YES,r_sym_1.smb,
sht6.cmp2424,R1240,1267362130,NO,r_sym_1.smb,
sht6.cmp2465,R1241,1267360844,NO,r_sym_1.smb,
sht6.cmp2428,R1242,1267362131,YES,r_sym_1.smb,
sht6.cmp2435,R1250,1267362130,NO,r_sym_1.smb,
sht6.cmp2468,R1251,1267360844,NO,r_sym_1.smb,
sht6.cmp2439,R1252,1267362131,YES,r_sym_1.smb,
sht6.cmp2497,R1260,1267362130,NO,r_sym_1.smb,
sht6.cmp2472,R1261,1267362131,NO,r_sym_1.smb,
sht6.cmp2486,R1262,1267362131,YES,r_sym_1.smb,
sht6.cmp2479,R1270,1267362130,NO,r_sym_1.smb,
sht6.cmp2484,R1271,1267362129,NO,r_sym_1.smb,
sht6.cmp2469,R1272,1267362131,YES,r_sym_1.smb,
sht6.cmp2668,R1280,1267362130,NO,r_sym_1.smb,
sht6.cmp2677,R1281,1267360899,NO,r_sym_1.smb,
sht6.cmp2645,R1282,1267360844,YES,r_sym_1.smb,
sht6.cmp2766,R1283,1267362741,YES,r_sym_1.smb,
sht6.cmp2765,R1284,1267362131,YES,r_sym_1.smb,
sht6.cmp2653,R1290,1267362130,NO,r_sym_1.smb,
sht6.cmp2658,R1291,1267362131,NO,r_sym_1.smb,
sht6.cmp2678,R1292,1267360899,YES,r_sym_1.smb,
sht6.cmp2634,R1300,1267362130,NO,r_sym_1.smb,
sht6.cmp2616,R1301,1267362131,NO,r_sym_1.smb,
sht6.cmp2659,R1302,1267360899,YES,r_sym_1.smb,
sht6.cmp2664,R1310,1267362130,NO,r_sym_1.smb,
sht6.cmp2684,R1311,1267368019,NO,r_sym_1.smb,
sht6.cmp2636,R1312,1267360899,YES,r_sym_1.smb,
sht6.cmp2624,R1313,1267362741,NO,r_sym_1.smb,
sht6.cmp2679,R1320,1267362129,NO,r_sym_1.smb,
sht6.cmp2671,R1321,1267368019,YES,r_sym_1.smb,
sht6.cmp2655,R1322,1267360899,NO,r_sym_1.smb,
sht6.cmp2614,R1323,1267362741,YES,r_sym_1.smb,
sht6.cmp2701,R1330,1267362129,NO,r_sym_1.smb,
sht6.cmp2704,R1331,1267368019,YES,r_sym_1.smb,
sht6.cmp2702,R1332,1267360899,NO,r_sym_1.smb,
sht6.cmp2709,R1333,1267362741,YES,r_sym_1.smb,
sht6.cmp2779,R1335,1267362130,NO,r_sym_1.smb,
sht6.cmp2778,R1336,1267360844,NO,r_sym_1.smb,
sht6.cmp2772,R1337,1267360844,YES,r_sym_1.smb,
sht6.cmp2775,R1338,1267362741,YES,r_sym_1.smb,
sht6.cmp2773,R1339,1267362131,YES,r_sym_1.smb,
sht7.cmp3148,R1563,1267361535,NO,r_sym_1.smb,
sht7.cmp3155,R1568,1267361539,NO,r_sym_1.smb,
sht9.cmp332,R1800,1267368002,NO,r_sym_1.smb,
sht9.cmp319,R1801,1267362130,NO,r_sym_1.smb,
sht9.cmp341,R1805,1267362131,NO,r_sym_1.smb,
sht9.cmp362,R1810,1267360864,NO,r_sym_1.smb,
sht9.cmp363,R1811,1267362130,YES,r_sym_1.smb,
sht9.cmp369,R1813,1267360635,YES,r_sym_1.smb,
sht9.cmp345,R1815,1267362130,NO,r_sym_1.smb,
sht9.cmp355,R1816,1267360844,NO,r_sym_1.smb,
sht9.cmp352,R1817,1267360305,YES,r_sym_1.smb,
sht9.cmp388,R1820,1267360864,NO,r_sym_1.smb,
sht9.cmp377,R1821,1267362130,YES,r_sym_1.smb,
sht9.cmp397,R1823,1267360635,YES,r_sym_1.smb,
sht9.cmp374,R1825,1267362130,NO,r_sym_1.smb,
sht9.cmp387,R1826,1267360844,NO,r_sym_1.smb,
sht9.cmp390,R1827,1267360305,YES,r_sym_1.smb,
sht9.cmp414,R1830,1267368002,NO,r_sym_1.smb,
sht9.cmp402,R1831,1267362130,NO,r_sym_1.smb,
sht9.cmp399,R1833,1267360635,YES,r_sym_1.smb,
sht9.cmp405,R1835,1267362131,NO,r_sym_1.smb,
sht9.cmp409,R1836,1267360305,YES,r_sym_1.smb,
sht9.cmp420,R1837,1267360305,YES,r_sym_1.smb,
sht9.cmp435,R1840,1267368002,NO,r_sym_1.smb,
sht9.cmp441,R1841,1267362130,NO,r_sym_1.smb,
sht9.cmp427,R1845,1267362131,NO,r_sym_1.smb,
sht9.cmp570,R1850,1267360864,NO,r_sym_1.smb,
sht9.cmp564,R1851,1267362130,YES,r_sym_1.smb,
sht9.cmp560,R1853,1267360635,YES,r_sym_1.smb,
sht9.cmp571,R1855,1267362130,NO,r_sym_1.smb,
sht9.cmp569,R1856,1267360844,NO,r_sym_1.smb,
sht9.cmp578,R1857,1267360844,YES,r_sym_1.smb,
sht9.cmp603,R1860,1267360864,NO,r_sym_1.smb,
sht9.cmp597,R1861,1267362130,YES,r_sym_1.smb,
sht9.cmp588,R1863,1267360635,YES,r_sym_1.smb,
sht9.cmp583,R1865,1267362130,NO,r_sym_1.smb,
sht9.cmp600,R1866,1267360844,NO,r_sym_1.smb,
sht9.cmp607,R1867,1267360844,YES,r_sym_1.smb,
sht9.cmp464,R2000,1267362129,NO,r_sym_1.smb,
sht9.cmp461,R2001,1267360305,YES,r_sym_1.smb,
sht9.cmp466,R2002,1267360305,YES,r_sym_1.smb,
sht9.cmp471,R2003,1267360636,YES,r_sym_1.smb,
sht9.cmp463,R2004,1267362197,NO,r_sym_1.smb,
sht8.cmp11,R2200,1267362130,NO,r_sym_1.smb,
sht8.cmp8,R2201,1267368002,NO,r_sym_1.smb,
sht8.cmp6,R2202,1267362131,NO,r_sym_1.smb,
sht8.cmp441,R2210,1267362130,NO,r_sym_1.smb,
sht8.cmp439,R2211,1267368002,NO,r_sym_1.smb,
sht8.cmp446,R2212,1267362131,NO,r_sym_1.smb,
sht8.cmp462,R2220,1267362130,NO,r_sym_1.smb,
sht8.cmp458,R2221,1267368002,NO,r_sym_1.smb,
sht8.cmp470,R2222,1267362131,NO,r_sym_1.smb,
sht8.cmp485,R2230,1267362130,NO,r_sym_1.smb,
sht8.cmp477,R2231,1267368002,NO,r_sym_1.smb,
sht8.cmp487,R2232,1267362131,NO,r_sym_1.smb,
sht8.cmp497,R2240,1267362130,NO,r_sym_1.smb,
sht8.cmp512,R2241,1267368002,NO,r_sym_1.smb,
sht8.cmp493,R2242,1267362131,NO,r_sym_1.smb,
sht8.cmp519,R2250,1267362130,NO,r_sym_1.smb,
sht8.cmp527,R2251,1267368002,NO,r_sym_1.smb,
sht8.cmp523,R2252,1267362131,NO,r_sym_1.smb,
sht8.cmp543,R2260,1267362130,NO,r_sym_1.smb,
sht8.cmp545,R2261,1267368002,NO,r_sym_1.smb,
sht8.cmp540,R2262,1267362131,NO,r_sym_1.smb,
sht8.cmp555,R2270,1267362130,NO,r_sym_1.smb,
sht8.cmp572,R2271,1267368002,NO,r_sym_1.smb,
sht8.cmp556,R2272,1267362131,NO,r_sym_1.smb,
sht8.cmp578,R2280,1267362130,NO,r_sym_1.smb,
sht8.cmp576,R2281,1267368002,NO,r_sym_1.smb,
sht8.cmp581,R2282,1267362131,NO,r_sym_1.smb,
sht8.cmp622,R2290,1267362130,NO,r_sym_1.smb,
sht8.cmp620,R2291,1267368002,NO,r_sym_1.smb,
sht8.cmp623,R2292,1267362131,NO,r_sym_1.smb,
sht15.cmp1816,R2610,1267362129,NO,r_sym_1.smb,
sht15.cmp1815,R2611,1267361573,NO,r_sym_1.smb,
sht1.cmp1478,R3006,1267368026,YES,r_sym_1.smb,
sht1.cmp1320,R3010,1267362144,NO,r_sym_1.smb,
sht1.cmp1481,R3020,1267362302,NO,rshunt_1_sym_1.smb,
sht1.cmp1381,R3021,1267360857,NO,r_sym_1.smb,
sht1.cmp1328,R3022,1267362792,NO,r_sym_1.smb,
sht1.cmp1309,R3023,1267368026,YES,r_sym_1.smb,
sht1.cmp1368,R3024,1267368036,NO,r_sym_1.smb,
sht1.cmp1314,R3025,1267362792,NO,r_sym_1.smb,
sht1.cmp1322,R3026,1267368036,NO,r_sym_1.smb,
sht1.cmp1371,R3029,1267360375,NO,r_sym_1.smb,
sht1.cmp1339,R3030,1267362519,NO,rshunt_1_sym_1.smb,
sht1.cmp1327,R3031,1267362738,NO,r_sym_1.smb,
sht1.cmp1363,R3032,1267368036,NO,r_sym_1.smb,
sht1.cmp1360,R3033,1267362792,NO,r_sym_1.smb,
sht1.cmp1335,R3034,1267368026,YES,r_sym_1.smb,
sht1.cmp1305,R3041,1267360899,NO,r_sym_1.smb,
sht1.cmp1470,R3043,1267360860,YES,r_sym_1.smb,
sht1.cmp1332,R3044,1267360860,NO,r_sym_1.smb,
sht1.cmp1312,R3046,1267360860,YES,r_sym_1.smb,
sht1.cmp1343,R3080,1267360860,NO,r_sym_1.smb,
sht1.cmp1317,R3082,1267360860,NO,r_sym_1.smb,
sht2.cmp594,R3151,1267361545,NO,r_sym_1.smb,
sht2.cmp618,R3152,1267362732,NO,r_sym_1.smb,
sht2.cmp586,R3155,1267362732,NO,r_sym_1.smb,
sht2.cmp599,R3157,1267361545,NO,r_sym_1.smb,
sht3.cmp137,R3160,1267362197,YES,r_sym_1.smb,
sht3.cmp171,R3163,1267362730,YES,r_sym_1.smb,
sht3.cmp174,R3164,1267361538,NO,r_sym_1.smb,
sht3.cmp175,R3165,1267361538,NO,r_sym_1.smb,
sht3.cmp141,R3166,1267361541,YES,r_sym_1.smb,
sht3.cmp144,R3167,1267361541,NO,r_sym_1.smb,
sht3.cmp162,R3168,1267362730,YES,r_sym_1.smb,
sht4.cmp3560,R3170,1267360861,YES,r_sym_1.smb,
sht4.cmp3553,R3171,1267360861,YES,r_sym_1.smb,
sht3.cmp178,R3200,1267360858,YES,r_sym_1.smb,
sht1.cmp2018,R3430,1267368101,NO,r_sym_1.smb,
sht1.cmp2020,R3433,1267362140,NO,r_sym_1.smb,
sht7.cmp2844,R3586,1267361535,NO,r_sym_1.smb,
sht7.cmp2861,R3587,1267362129,NO,r_sym_1.smb,
sht1.cmp34,R3592,1267362130,NO,r_sym_1.smb,
sht4.cmp3957,R4550,1267360861,YES,r_sym_1.smb,
sht4.cmp3961,R4551,1267360861,YES,r_sym_1.smb,
sht4.cmp4277,R4560,1267360861,YES,r_sym_1.smb,
sht4.cmp4244,R4561,1267360861,YES,r_sym_1.smb,
sht4.cmp4287,R4570,1267360861,YES,r_sym_1.smb,
sht4.cmp4293,R4571,1267360861,YES,r_sym_1.smb,
sht4.cmp4331,R4580,1267360861,NO,r_sym_1.smb,
sht4.cmp4358,R4581,1267360861,NO,r_sym_1.smb,
sht4.cmp4770,R4590,1267360861,NO,r_sym_1.smb,
sht4.cmp4802,R4590A,1267360858,YES,r_sym_1.smb,
sht4.cmp4835,R4590B,1267360858,YES,r_sym_1.smb,
sht4.cmp4738,R4591,1267360861,NO,r_sym_1.smb,
sht4.cmp4783,R4595A,1267360858,NO,r_sym_1.smb,
sht4.cmp4818,R4595B,1267360858,NO,r_sym_1.smb,
sht4.cmp4874,R4600,1267368023,NO,r_sym_1.smb,
sht4.cmp4776,R4601,1267362122,YES,r_sym_1.smb,
sht4.cmp4795,R4606,1267362122,NO,r_sym_1.smb,
sht4.cmp4788,R4609,1267362741,YES,r_sym_1.smb,
sht5.cmp2458,R4610,1267360861,NO,r_sym_1.smb,
sht5.cmp2468,R4611,1267360861,NO,r_sym_1.smb,
sht4.cmp4820,R4614,1267362741,NO,r_sym_1.smb,
sht5.cmp2478,R4615,1267360861,NO,r_sym_1.smb,
sht5.cmp2481,R4616,1267360861,NO,r_sym_1.smb,
sht5.cmp2490,R4620,1267360861,NO,r_sym_1.smb,
sht5.cmp2488,R4621,1267360861,NO,r_sym_1.smb,
sht5.cmp2503,R4625,1267360861,NO,r_sym_1.smb,
sht5.cmp2505,R4626,1267360861,NO,r_sym_1.smb,
sht18.cmp25,R4820,1267361539,NO,r_horiz_sdsym_1.smb,
sht18.cmp52,R4821,1267368036,NO,r_horiz_sdsym_1.smb,
sht18.cmp39,R4822,1267361541,NO,r_sym_1.smb,
sht18.cmp6,R4824,1267362727,NO,r_sym_1.smb,
sht18.cmp40,R4825,1267362129,NO,r_horiz_sdsym_1.smb,
sht18.cmp48,R4826,1267362732,NO,r_sym_1.smb,
sht18.cmp44,R4827,1267368019,NO,r_sym_1.smb,
sht18.cmp34,R4828,1267361539,NO,r_horiz_sdsym_1.smb,
sht10.cmp5389/sht1.cmp2404,R5000,1267362732,NO,r_sym_1.smb,
sht10.cmp5389/sht1.cmp2517,R5001,1267362732,NO,r_sym_1.smb,
sht10.cmp5389/sht1.cmp3500,R5002,1267361546,NO,r_sym_1.smb,
sht10.cmp5389/sht1.cmp2216,R5003,1267362715,NO,r_sym_1.smb,
sht10.cmp5389/sht1.cmp2604,R5004,1267361536,NO,r_sym_1.smb,
sht10.cmp5389/sht1.cmp2272,R5005,1267361542,YES,r_sym_1.smb,
sht10.cmp5389/sht1.cmp2015,R5006,1267361542,YES,r_sym_1.smb,
sht10.cmp5389/sht1.cmp2542,R5007,1267362732,NO,r_sym_1.smb,
sht10.cmp5389/sht1.cmp3361,R5008,1267361542,YES,r_sym_1.smb,
sht10.cmp5389/sht1.cmp3266,R5050,1267361542,YES,r_sym_1.smb,
sht10.cmp5389/sht1.cmp3262,R5051,1267361542,YES,r_sym_1.smb,
sht10.cmp5389/sht1.cmp3241,R5080,1267361544,YES,r_sym_1.smb,
sht10.cmp5389/sht1.cmp3376,R5090,1267361544,YES,r_sym_1.smb,
sht10.cmp5389/sht1.cmp3379,R5091,1267361544,YES,r_sym_1.smb,
sht10.cmp5389/sht1.cmp3382,R5092,1267361544,YES,r_sym_1.smb,
sht10.cmp5389/sht2.cmp3320,R5122,1267361536,YES,r_sym_1.smb,
sht10.cmp5389/sht2.cmp3324,R5123,1267361536,YES,r_sym_1.smb,
sht10.cmp5389/sht2.cmp3361,R5125,1267361542,YES,r_sym_1.smb,
sht10.cmp5389/sht2.cmp3652,R5126,1267361536,NO,r_sym_1.smb,
sht10.cmp5389/sht2.cmp3657,R5127,1267361536,NO,r_sym_1.smb,
sht10.cmp5389/sht2.cmp3517,R5128,1267360847,YES,r_sym_1.smb,
sht10.cmp5389/sht1.cmp3505,R5129,1267361539,YES,r_horiz_sdsym_1.smb,
sht3.cmp303,R5660,1267360631,YES,r_sym_1.smb,
sht3.cmp286,R5661,1267360618,YES,r_sym_1.smb,
sht3.cmp285,R5662,1267361573,YES,r_horiz_sdsym_1.smb,
sht3.cmp276,R5663,1267360627,YES,r_sym_1.smb,
sht3.cmp316,R5664,1267361535,YES,r_horiz_sdsym_1.smb,
sht3.cmp275,R5665,1267361543,YES,r_sym_1.smb,
sht3.cmp325,R5666,1267360852,YES,r_sym_1.smb,
sht3.cmp327,R5668,1267361508,YES,r_sym_1.smb,
sht3.cmp283,R5669,1267360856,YES,r_sym_1.smb,
sht3.cmp311,R5670,1267361535,YES,r_sym_1.smb,
sht3.cmp319,R5671,1267361535,YES,r_horiz_sdsym_1.smb,
sht3.cmp312,R5672,1267361546,YES,r_sym_1.smb,
sht3.cmp322,R5673,1267361540,YES,r_sym_1.smb,
sht3.cmp278,R5674,1267361535,YES,r_sym_1.smb,
sht3.cmp297,R5675,1267361539,YES,r_horiz_sdsym_1.smb,
sht3.cmp291,R5676,1267360618,YES,r_sym_1.smb,
sht3.cmp272,R5677,1267361539,YES,r_horiz_sdsym_1.smb,
sht3.cmp331,R5678,1267361539,YES,r_horiz_sdsym_1.smb,
sht3.cmp289,R5679,1267360852,YES,r_sym_1.smb,
sht11.cmp3956,R6110,1267360735,NO,rshunt_1_sym_1.smb,
sht11.cmp3951,R6115,1267361535,NO,r_sym_1.smb,
sht11.cmp3935,R6118,1267361540,NO,r_sym_1.smb,
sht11.cmp3983,R6120,1267360735,NO,rshunt_1_sym_1.smb,
sht11.cmp3978,R6125,1267361535,NO,r_sym_1.smb,
sht11.cmp3962,R6128,1267361540,NO,r_sym_1.smb,
sht11.cmp4008,R6130,1267360735,NO,rshunt_1_sym_1.smb,
sht11.cmp4003,R6135,1267361535,NO,r_sym_1.smb,
sht11.cmp3987,R6138,1267361540,NO,r_sym_1.smb,
sht16.cmp3259,R6145,1267361535,NO,r_sym_1.smb,
sht16.cmp3246,R6148,1267361540,NO,r_sym_1.smb,
sht16.cmp3294,R6155,1267361535,NO,r_sym_1.smb,
sht16.cmp3302,R6158,1267361540,NO,r_sym_1.smb,
sht16.cmp3603,R6165,1267362724,NO,r_sym_1.smb,
sht16.cmp3604,R6168,1267361536,NO,r_sym_1.smb,
sht17.cmp8456,R6175,1267361535,NO,r_sym_1.smb,
sht17.cmp8455,R6178,1267361540,NO,r_sym_1.smb,
sht17.cmp8599,R6180,1267362733,NO,r_sym_1.smb,
sht17.cmp8509,R6185,1267362789,NO,r_sym_1.smb,
sht17.cmp8600,R6190,1267362733,YES,r_sym_1.smb,
sht17.cmp8520,R6195,1267362789,YES,r_sym_1.smb,
sht17.cmp8534,R6205,1267361535,NO,r_sym_1.smb,
sht17.cmp8533,R6208,1267361540,NO,r_sym_1.smb,
sht17.cmp8561,R6215,1267361535,NO,r_sym_1.smb,
sht17.cmp8586,R6218,1267361540,NO,r_sym_1.smb,
sht11.cmp3429,R7000,1267362726,NO,r_sym_1.smb,
sht11.cmp3322,R7001,1267362726,NO,r_sym_1.smb,
sht11.cmp3374,R7012,1267361535,YES,r_sym_1.smb,
sht11.cmp3392,R7013,1267361535,NO,r_sym_1.smb,
sht11.cmp3411,R7014,1267361535,NO,r_sym_1.smb,
sht11.cmp4043,R7015,1267361535,NO,r_sym_1.smb,
sht12.cmp89,R7160,1267362732,NO,r_sym_1.smb,
sht12.cmp80,R7165,1267362302,NO,rshunt_1_sym_1.smb,
sht12.cmp202,R7166,1267362302,NO,rshunt_1_sym_1.smb,
sht12.cmp33,R7170,1267362732,NO,r_sym_1.smb,
sht12.cmp11,R7175,1267360799,NO,rshunt_1_sym_1.smb,
sht12.cmp82,R7180,1267362732,NO,r_sym_1.smb,
sht12.cmp34,R7185,1267360799,NO,rshunt_1_sym_1.smb,
sht12.cmp145,R7190,1267362732,NO,r_sym_1.smb,
sht12.cmp129,R7195,1267362302,NO,rshunt_1_sym_1.smb,
sht12.cmp206,R7196,1267362302,NO,rshunt_1_sym_1.smb,
sht12.cmp174,R7200,1267362732,NO,r_sym_1.smb,
sht12.cmp189,R7205,1267362302,NO,rshunt_1_sym_1.smb,
sht12.cmp205,R7206,1267362302,NO,rshunt_1_sym_1.smb,
sht14.cmp3432,R7210,1267362732,NO,r_sym_1.smb,
sht14.cmp3416,R7215,1267362302,NO,rshunt_1_sym_1.smb,
sht14.cmp3930,R7216,1267362302,NO,rshunt_1_sym_1.smb,
sht14.cmp3516,R7240,1267362732,NO,r_sym_1.smb,
sht14.cmp3514,R7245,1267360799,NO,rshunt_1_sym_1.smb,
sht14.cmp3549,R7250,1267362732,NO,r_sym_1.smb,
sht14.cmp3533,R7255,1267362302,NO,rshunt_1_sym_1.smb,
sht14.cmp3933,R7256,1267362302,NO,rshunt_1_sym_1.smb,
sht14.cmp3874,R7260,1267362732,NO,r_sym_1.smb,
sht14.cmp3871,R7265,1267362302,NO,rshunt_1_sym_1.smb,
sht14.cmp3932,R7266,1267362302,NO,rshunt_1_sym_1.smb,
sht14.cmp3914,R7270,1267362732,NO,r_sym_1.smb,
sht14.cmp3903,R7275,1267362302,NO,rshunt_1_sym_1.smb,
sht14.cmp3931,R7276,1267362302,NO,rshunt_1_sym_1.smb,
sht16.cmp3508,R7369,1267361535,YES,r_sym_1.smb,
sht16.cmp3088,R7370,1267361538,NO,r_sym_1.smb,
sht16.cmp3062,R7372,1267361538,NO,r_sym_1.smb,
sht16.cmp3521,R7409,1267362732,NO,r_sym_1.smb,
sht16.cmp3132,R7414,1267360735,NO,rshunt_1_sym_1.smb,
sht16.cmp3520,R7419,1267362732,NO,r_sym_1.smb,
sht16.cmp3156,R7424,1267360735,NO,rshunt_1_sym_1.smb,
sht16.cmp3519,R7429,1267362732,NO,r_sym_1.smb,
sht16.cmp3371,R7434,1267360735,NO,rshunt_1_sym_1.smb,
sht17.cmp8375,R7439,1267362732,NO,r_sym_1.smb,
sht17.cmp8355,R7444,1267360735,NO,rshunt_1_sym_1.smb,
sht17.cmp8293,R7453,1267362732,NO,r_sym_1.smb,
sht17.cmp8476,R7454,8905503577,NO,rshunt_1_sym_1.smb,
sht17.cmp8294,R7463,1267360604,YES,r_sym_1.smb,
sht17.cmp8216,R7464,8905503577,YES,rshunt_1_sym_1.smb,
sht17.cmp8381,R7469,1267362732,NO,r_sym_1.smb,
sht17.cmp8389,R7474,1267360735,NO,rshunt_1_sym_1.smb,
sht17.cmp8402,R7479,1267362732,NO,r_sym_1.smb,
sht17.cmp8410,R7484,1267360735,NO,rshunt_1_sym_1.smb,
sht12.cmp120,R7601,1267362195,NO,r_sym_1.smb,
sht12.cmp118,R7605,1267368106,NO,r_sym_1.smb,
sht12.cmp122,R7606,1267361573,NO,r_sym_1.smb,
sht12.cmp119,R7607,1267362734,NO,r_sym_1.smb,
sht12.cmp149,R7611,1267362195,NO,r_sym_1.smb,
sht12.cmp154,R7615,1267368106,NO,r_sym_1.smb,
sht12.cmp135,R7616,1267361573,NO,r_sym_1.smb,
sht12.cmp151,R7617,1267362734,NO,r_sym_1.smb,
sht12.cmp192,R7621,1267362195,NO,r_sym_1.smb,
sht12.cmp169,R7625,1267368106,NO,r_sym_1.smb,
sht12.cmp170,R7626,1267361573,NO,r_sym_1.smb,
sht12.cmp176,R7627,1267362734,NO,r_sym_1.smb,
sht14.cmp3746,R7631,1267362195,NO,r_sym_1.smb,
sht14.cmp3738,R7635,1267368106,NO,r_sym_1.smb,
sht14.cmp3747,R7636,1267361573,NO,r_sym_1.smb,
sht14.cmp3733,R7637,1267362734,NO,r_sym_1.smb,
sht14.cmp3886,R7641,1267362195,NO,r_sym_1.smb,
sht14.cmp3887,R7645,1267368106,NO,r_sym_1.smb,
sht14.cmp3883,R7646,1267361573,NO,r_sym_1.smb,
sht14.cmp3879,R7647,1267362734,NO,r_sym_1.smb,
sht14.cmp3921,R7651,1267362195,NO,r_sym_1.smb,
sht14.cmp3917,R7655,1267368106,NO,r_sym_1.smb,
sht14.cmp3899,R7656,1267361573,NO,r_sym_1.smb,
sht14.cmp3906,R7657,1267362734,NO,r_sym_1.smb,
sht16.cmp3305,R7665,1267362196,NO,r_sym_1.smb,
sht16.cmp3317,R7666,1267361573,NO,r_sym_1.smb,
sht16.cmp3308,R7667,1267362127,NO,r_sym_1.smb,
sht16.cmp3335,R7675,1267362196,NO,r_sym_1.smb,
sht16.cmp3347,R7676,1267361573,NO,r_sym_1.smb,
sht16.cmp3338,R7677,1267362127,NO,r_sym_1.smb,
sht16.cmp3358,R7685,1267362196,NO,r_sym_1.smb,
sht16.cmp3406,R7686,1267361573,NO,r_sym_1.smb,
sht16.cmp3387,R7687,1267362127,NO,r_sym_1.smb,
sht17.cmp8451,R7695,1267362196,NO,r_sym_1.smb,
sht17.cmp8468,R7696,1267361573,NO,r_sym_1.smb,
sht17.cmp8471,R7697,1267362127,NO,r_sym_1.smb,
sht17.cmp8548,R7705,1267362196,NO,r_sym_1.smb,
sht17.cmp8550,R7706,1267361573,NO,r_sym_1.smb,
sht17.cmp8552,R7707,1267362127,NO,r_sym_1.smb,
sht17.cmp8581,R7715,1267362196,NO,r_sym_1.smb,
sht17.cmp8582,R7716,1267361573,NO,r_sym_1.smb,
sht17.cmp8569,R7717,1267362127,NO,r_sym_1.smb,
sht15.cmp2455,R8100,1267361539,NO,r_sym_1.smb,
sht15.cmp1714,R8101,1267361546,NO,r_sym_1.smb,
sht15.cmp2420,R8110,1267361539,NO,r_sym_1.smb,
sht15.cmp1687,R8111,1267361546,NO,r_sym_1.smb,
sht15.cmp2437,R8120,1267361539,NO,r_sym_1.smb,
sht15.cmp1638,R8121,1267361546,NO,r_sym_1.smb,
sht15.cmp2430,R8130,1267361539,NO,r_sym_1.smb,
sht15.cmp1611,R8131,1267361546,NO,r_sym_1.smb,
sht15.cmp2463,R8140,1267361539,NO,r_sym_1.smb,
sht15.cmp2053,R8141,1267361546,NO,r_sym_1.smb,
sht15.cmp2471,R8150,1267361539,NO,r_sym_1.smb,
sht15.cmp2067,R8151,1267361546,NO,r_sym_1.smb,
sht7.cmp3095,S1600,273300605,NO,smp581_nc_sdsym_1.smb,
sht1.cmp1553,S3000,272240386,NO,cy329a_tqfp64_ep_sdsym_31_1.smb,
sht2.cmp612,S3150,8909013680,NO,tle4251_sym_1.smb,
sht4.cmp4113,S4550,1267367315,NO,tja1042tk-3_sdsym_2.smb,
sht4.cmp4254,S4560,1267367315,NO,tja1042tk-3_sdsym_2.smb,
sht4.cmp4318,S4570,1267367315,NO,tja1042tk-3_sdsym_2.smb,
sht4.cmp4321,S4580,1267367315,NO,tja1042tk-3_sdsym_2.smb,
sht4.cmp4761,S4590,1267367315,NO,tja1042tk-3_sdsym_2.smb,
sht4.cmp4816,S4600,1267367321,YES,tlin1021adbrq1_sdsym_1.smb,
sht4.cmp4803,S4605,1267367321,NO,tlin1021adbrq1_sdsym_1.smb,
sht10.cmp5389/sht1.cmp3557,S5000,8909010955,NO,tc3xx_sdsym_1.smb,
sht3.cmp282,S5660,1267379778,YES,lm2903_sym_2.smb,
sht3.cmp296,S5661,8905504792,YES,tl431_sot23_sdsym_1.smb,
sht11.cmp3941,S6110,1267379613,NO,ad8203yr_sdsym_5.smb,
sht11.cmp3968,S6120,1267379613,NO,ad8203yr_sdsym_5.smb,
sht11.cmp3993,S6130,1267379613,NO,ad8203yr_sdsym_5.smb,
sht16.cmp3260,S6140,1267379613,NO,ad8203yr_sdsym_5.smb,
sht16.cmp3301,S6150,1267379613,NO,ad8203yr_sdsym_5.smb,
sht16.cmp3359,S6160,1267379613,NO,ad8203yr_sdsym_5.smb,
sht17.cmp8470,S6170,1267379613,NO,ad8203yr_sdsym_5.smb,
sht17.cmp8497,S6180,1267379613,NO,ad8203yr_sdsym_5.smb,
sht17.cmp8513,S6190,1267379613,YES,ad8203yr_sdsym_5.smb,
sht17.cmp8545,S6200,1267379613,NO,ad8203yr_sdsym_5.smb,
sht17.cmp8585,S6210,1267379613,NO,ad8203yr_sdsym_5.smb,
sht11.cmp3347,S7000,1267367361,NO,cj970_tqfp100_ep_sdsym_17_2.smb,
sht16.cmp3456,S7400,8909007178,NO,raa252012hft_sdsym_1.smb,
sht15.cmp2657,S8100,8909009130,NO,l9969t_tr_sdsym_1.smb,
sht15.cmp2658,S8120,8909009130,NO,l9969t_tr_sdsym_1.smb,
sht15.cmp2659,S8140,8909009130,NO,l9969t_tr_sdsym_1.smb,
sht9.cmp655,T1100,1267377494,NO,master_npn_sym_1.smb,
sht1.cmp2038,T3020,1267377219,NO,bsz088n03m_sdsym_1.smb,
sht1.cmp2037,T3021,1267377532,NO,buk9y30-75b_sym_1.smb,
sht1.cmp2071,T3030,1267377532,NO,buk9y30-75b_sym_1.smb,
sht1.cmp2016,T3430,1267377506,NO,master_pmos5_sdsym_1.smb,
sht18.cmp30,T4820,1267377052,NO,pmpb55_sdsym_1.smb,
sht10.cmp5389/sht2.cmp3642,T5120,1267377051,NO,pmpb100xpea_sdsym_1.smb,
sht10.cmp5389/sht2.cmp3644,T5122,1267377052,NO,pmpb55_sdsym_1.smb,
sht3.cmp284,T5660,1267377513,YES,master_npn_sym_1.smb,
sht3.cmp304,T5661,1267377513,YES,master_npn_sym_1.smb,
sht3.cmp273,T5662,1267377513,YES,master_npn_sym_1.smb,
sht17.cmp8475,T7450,1267377532,NO,buk9y30-75b_sym_1.smb,
sht17.cmp8528,T7460,1267377532,YES,buk9y30-75b_sym_1.smb,
sht1.cmp43,X1,1034486394,NO,st_sym_1.smb,
sht1.cmp1528,X2,8905B00184,NO,prgpkt_bdm6_sdsym_1.smb,
sht10.cmp5389/sht1.cmp3506,X5000,8905B0010601,YES,bdm_10_sym_1.smb,
sht12.cmp50,TN7160,1267377078,NO,ipg20n04s4_sdsym_1_1.smb,
sht12.cmp81,TN7180,1267377078,NO,ipg20n04s4_sdsym_1_1.smb,
sht12.cmp188,TN7200,1267377078,NO,ipg20n04s4_sdsym_1_1.smb,
sht14.cmp3803,TN7240,1267377078,NO,ipg20n04s4_sdsym_1_1.smb,
sht14.cmp3863,TN7260,1267377078,NO,ipg20n04s4_sdsym_1_1.smb,
sht16.cmp3607,TN7409,1267377078,NO,ipg20n04s4_sdsym_1_1.smb,
sht16.cmp3610,TN7429,1267377078,NO,ipg20n04s4_sdsym_1_1.smb,
sht17.cmp8604,TN7470,1267377078,NO,ipg20n04s4_sdsym_1_1.smb,
sht1.cmp1280,float,0281Y09PG9_L,,din_a1_v_sdsym_2.smb,
